-- phpMyAdmin SQL Dump
-- version 4.7.4
-- https://www.phpmyadmin.net/
--
-- Host: 127.0.0.1
-- Generation Time: 23 Jul 2020 pada 06.25
-- Versi Server: 10.1.28-MariaDB
-- PHP Version: 7.1.10

SET SQL_MODE = "NO_AUTO_VALUE_ON_ZERO";
SET AUTOCOMMIT = 0;
START TRANSACTION;
SET time_zone = "+00:00";


/*!40101 SET @OLD_CHARACTER_SET_CLIENT=@@CHARACTER_SET_CLIENT */;
/*!40101 SET @OLD_CHARACTER_SET_RESULTS=@@CHARACTER_SET_RESULTS */;
/*!40101 SET @OLD_COLLATION_CONNECTION=@@COLLATION_CONNECTION */;
/*!40101 SET NAMES utf8mb4 */;

--
-- Database: `db_pkl`
--

-- --------------------------------------------------------

--
-- Struktur dari tabel `tmst_kelompok`
--

CREATE TABLE `tmst_kelompok` (
  `id_kelompok` varchar(7) NOT NULL,
  `id_usulan` varchar(10) NOT NULL,
  `NIM_k` varchar(10) NOT NULL,
  `NIM_a1` varchar(10) DEFAULT NULL,
  `NIM_a2` varchar(10) DEFAULT NULL,
  `NIM_a3` varchar(10) DEFAULT NULL,
  `NIM_a4` varchar(10) DEFAULT NULL
) ENGINE=InnoDB DEFAULT CHARSET=latin1;

--
-- Dumping data untuk tabel `tmst_kelompok`
--

INSERT INTO `tmst_kelompok` (`id_kelompok`, `id_usulan`, `NIM_k`, `NIM_a1`, `NIM_a2`, `NIM_a3`, `NIM_a4`) VALUES
('', '2', 'E31192166', 'E31170068', 'E31192175', 'E31192116', 'E31190237'),
('1', '1', 'E31170050', 'E31170068', 'E31170087', 'E31170092', 'E31170109');

-- --------------------------------------------------------

--
-- Struktur dari tabel `tmst_ttd`
--

CREATE TABLE `tmst_ttd` (
  `id` tinyint(4) NOT NULL,
  `id_prodi` tinyint(3) NOT NULL,
  `ka_jur` varchar(15) NOT NULL,
  `ka_prodi` varchar(15) NOT NULL,
  `korbid_pkl` varchar(15) NOT NULL
) ENGINE=InnoDB DEFAULT CHARSET=latin1;

-- --------------------------------------------------------

--
-- Struktur dari tabel `tmst_usulan`
--

CREATE TABLE `tmst_usulan` (
  `id_usulan` varchar(10) NOT NULL,
  `id_lokasi` int(11) NOT NULL,
  `id_tahun` tinyint(4) NOT NULL,
  `stat_usulan` enum('1','2','3','') NOT NULL,
  `stat_verifikasi` enum('1','2','','') NOT NULL,
  `NIM_k` varchar(10) NOT NULL
) ENGINE=InnoDB DEFAULT CHARSET=latin1;

--
-- Dumping data untuk tabel `tmst_usulan`
--

INSERT INTO `tmst_usulan` (`id_usulan`, `id_lokasi`, `id_tahun`, `stat_usulan`, `stat_verifikasi`, `NIM_k`) VALUES
('1', 2, 1, '1', '1', 'E31170050'),
('2', 2, 3, '1', '1', 'E31192166');

-- --------------------------------------------------------

--
-- Struktur dari tabel `tm_angkatan`
--

CREATE TABLE `tm_angkatan` (
  `id_angkatan` tinyint(4) NOT NULL,
  `angkatan` varchar(4) NOT NULL
) ENGINE=InnoDB DEFAULT CHARSET=latin1;

--
-- Dumping data untuk tabel `tm_angkatan`
--

INSERT INTO `tm_angkatan` (`id_angkatan`, `angkatan`) VALUES
(1, '2017'),
(2, '2018'),
(3, '2019'),
(4, '2020'),
(5, '2021'),
(6, '2022'),
(7, '2023'),
(8, '2024'),
(9, '2025'),
(10, '2026');

-- --------------------------------------------------------

--
-- Struktur dari tabel `tm_jurusan`
--

CREATE TABLE `tm_jurusan` (
  `id_jurusan` tinyint(2) NOT NULL,
  `nama_jurusan` varchar(40) NOT NULL
) ENGINE=InnoDB DEFAULT CHARSET=latin1;

--
-- Dumping data untuk tabel `tm_jurusan`
--

INSERT INTO `tm_jurusan` (`id_jurusan`, `nama_jurusan`) VALUES
(1, 'Produksi Pertanian'),
(2, 'Teknologi Pertanian'),
(3, 'Peternakan'),
(4, 'Manajemen Agribisnis'),
(5, 'Teknologi Informasi'),
(6, 'Bahasa, Komunikasi dan Pariwisata'),
(7, 'Kesehatan'),
(8, 'Teknik');

-- --------------------------------------------------------

--
-- Struktur dari tabel `tm_kota`
--

CREATE TABLE `tm_kota` (
  `id_kota` int(11) NOT NULL,
  `kota` varchar(100) NOT NULL,
  `id_provinsi` tinyint(4) NOT NULL
) ENGINE=InnoDB DEFAULT CHARSET=latin1;

--
-- Dumping data untuk tabel `tm_kota`
--

INSERT INTO `tm_kota` (`id_kota`, `kota`, `id_provinsi`) VALUES
(1, 'Kabupaten Badung', 1),
(2, 'Kabupaten Bangli', 1),
(3, 'Kabupaten Buleleng', 1),
(4, 'Kabupaten Gianyar', 1),
(5, 'Kabupaten Jembrana', 1),
(6, 'Kabupaten Karangasem', 1),
(7, 'Kabupaten Klungkung', 1),
(8, 'Kabupaten Tabanan', 1),
(9, 'Kota Denpasar', 1),
(10, 'Kabupaten Bangka', 2),
(11, 'Kabupaten Bangka Barat', 2),
(12, 'Kabupaten Bangka Selatan', 2),
(13, 'Kabupaten Bangka Tengah', 2),
(14, 'Kabupaten Belitung', 2),
(15, 'Kabupaten Belitung Timur', 2),
(16, 'Kota Pangkal Pinang', 2),
(17, 'Kabupaten Lebak', 3),
(18, 'Kabupaten Pandeglang', 3),
(19, 'Kabupaten Serang', 3),
(20, 'Kabupaten Tangerang', 3),
(21, 'Kota Cilegon', 3),
(22, 'Kota Serang', 3),
(23, 'Kota Tangerang', 3),
(24, 'Kota Tangerang Selatan', 3),
(25, 'Kabupaten Bengkulu Selatan', 4),
(26, 'Kabupaten Bengkulu Tengah', 4),
(27, 'Kabupaten Bengkulu Utara', 4),
(28, 'Kabupaten Kaur', 4),
(29, 'Kabupaten Kepahiang', 4),
(30, 'Kabupaten Lebong', 4),
(31, 'Kabupaten Muko Muko', 4),
(32, 'Kabupaten Rejang Lebong', 4),
(33, 'Kabupaten Seluma', 4),
(34, 'Kota Bengkulu', 4),
(35, 'Kabupaten Bantul', 5),
(36, 'Kabupaten Gunung Kidul', 5),
(37, 'Kabupaten Kulon Progo', 5),
(38, 'Kabupaten Sleman', 5),
(39, 'Kota Yogyakarta', 5),
(40, 'Kabupaten Kepulauan Seribu', 6),
(41, 'Kota Jakarta Barat', 6),
(42, 'Kota Jakarta Pusat', 6),
(43, 'Kota Jakarta Selatan', 6),
(44, 'Kota Jakarta Timur', 6),
(45, 'Kota Jakarta Utara', 6),
(46, 'Kabupaten Boalemo', 7),
(47, 'Kabupaten Bone Bolango', 7),
(48, 'Kabupaten Gorontalo', 7),
(49, 'Kabupaten Gorontalo Utara', 7),
(50, 'Kabupaten Pohuwato', 7),
(51, 'Kota Gorontalo', 7),
(52, 'Kabupaten Batang Hari', 8),
(53, 'Kabupaten Bungo', 8),
(54, 'Kabupaten Kerinci', 8),
(55, 'Kabupaten Merangin', 8),
(56, 'Kabupaten Muaro Jambi', 8),
(57, 'Kabupaten Sarolangun', 8),
(58, 'Kabupaten Tanjung Jabung Barat', 8),
(59, 'Kabupaten Tanjung Jabung Timur', 8),
(60, 'Kabupaten Tebo', 8),
(61, 'Kota Jambi', 8),
(62, 'Kota Sungaipenuh', 8),
(63, 'Kabupaten Bandung', 9),
(64, 'Kabupaten Bandung Barat', 9),
(65, 'Kabupaten Bekasi', 9),
(66, 'Kabupaten Bogor', 9),
(67, 'Kabupaten Ciamis', 9),
(68, 'Kabupaten Cianjur', 9),
(69, 'Kabupaten Cirebon', 9),
(70, 'Kabupaten Garut', 9),
(71, 'Kabupaten Indramayu', 9),
(72, 'Kabupaten Karawang', 9),
(73, 'Kabupaten Kuningan', 9),
(74, 'Kabupaten Majalengka', 9),
(75, 'Kabupaten Pangandaran', 9),
(76, 'Kabupaten Purwakarta', 9),
(77, 'Kabupaten Subang', 9),
(78, 'Kabupaten Sukabumi', 9),
(79, 'Kabupaten Sumedang', 9),
(80, 'Kabupaten Tasikmalaya', 9),
(81, 'Kota Bandung', 9),
(82, 'Kota Banjar', 9),
(83, 'Kota Bekasi', 9),
(84, 'Kota Bogor', 9),
(85, 'Kota Cimahi', 9),
(86, 'Kota Cirebon', 9),
(87, 'Kota Depok', 9),
(88, 'Kota Sukabumi', 9),
(89, 'Kota Tasikmalaya', 9),
(90, 'Kabupaten Banjarnegara', 10),
(91, 'Kabupaten Banyumas', 10),
(92, 'Kabupaten Batang', 10),
(93, 'Kabupaten Blora', 10),
(94, 'Kabupaten Boyolali', 10),
(95, 'Kabupaten Brebes', 10),
(96, 'Kabupaten Cilacap', 10),
(97, 'Kabupaten Demak', 10),
(98, 'Kabupaten Grobogan', 10),
(99, 'Kabupaten Jepara', 10),
(100, 'Kabupaten Karanganyar', 10),
(101, 'Kabupaten Kebumen', 10),
(102, 'Kabupaten Kendal', 10),
(103, 'Kabupaten Klaten', 10),
(104, 'Kabupaten Kudus', 10),
(105, 'Kabupaten Magelang', 10),
(106, 'Kabupaten Pati', 10),
(107, 'Kabupaten Pekalongan', 10),
(108, 'Kabupaten Pemalang', 10),
(109, 'Kabupaten Purbalingga', 10),
(110, 'Kabupaten Purworejo', 10),
(111, 'Kabupaten Rembang', 10),
(112, 'Kabupaten Semarang', 10),
(113, 'Kabupaten Sragen', 10),
(114, 'Kabupaten Sukoharjo', 10),
(115, 'Kabupaten Tegal', 10),
(116, 'Kabupaten Temanggung', 10),
(117, 'Kabupaten Wonogiri', 10),
(118, 'Kabupaten Wonosobo', 10),
(119, 'Kota Magelang', 10),
(120, 'Kota Pekalongan', 10),
(121, 'Kota Salatiga', 10),
(122, 'Kota Semarang', 10),
(123, 'Kota Surakarta', 10),
(124, 'Kota Tegal', 10),
(125, 'Kabupaten Bangkalan', 11),
(126, 'Kabupaten Banyuwangi', 11),
(127, 'Kabupaten Blitar', 11),
(128, 'Kabupaten Bojonegoro', 11),
(129, 'Kabupaten Bondowoso', 11),
(130, 'Kabupaten Gresik', 11),
(131, 'Kabupaten Jember', 11),
(132, 'Kabupaten Jombang', 11),
(133, 'Kabupaten Kediri', 11),
(134, 'Kabupaten Lamongan', 11),
(135, 'Kabupaten Lumajang', 11),
(136, 'Kabupaten Madiun', 11),
(137, 'Kabupaten Magetan', 11),
(138, 'Kabupaten Malang', 11),
(139, 'Kabupaten Mojokerto', 11),
(140, 'Kabupaten Nganjuk', 11),
(141, 'Kabupaten Ngawi', 11),
(142, 'Kabupaten Pacitan', 11),
(143, 'Kabupaten Pamekasan', 11),
(144, 'Kabupaten Pasuruan', 11),
(145, 'Kabupaten Ponorogo', 11),
(146, 'Kabupaten Probolinggo', 11),
(147, 'Kabupaten Sampang', 11),
(148, 'Kabupaten Sidoarjo', 11),
(149, 'Kabupaten Situbondo', 11),
(150, 'Kabupaten Sumenep', 11),
(151, 'Kabupaten Trenggalek', 11),
(152, 'Kabupaten Tuban', 11),
(153, 'Kabupaten Tulungagung', 11),
(154, 'Kota Batu', 11),
(155, 'Kota Blitar', 11),
(156, 'Kota Kediri', 11),
(157, 'Kota Madiun', 11),
(158, 'Kota Malang', 11),
(159, 'Kota Mojokerto', 11),
(160, 'Kota Pasuruan', 11),
(161, 'Kota Probolinggo', 11),
(162, 'Kota Surabaya', 11),
(163, 'Kabupaten Bengkayang', 12),
(164, 'Kabupaten Kapuas Hulu', 12),
(165, 'Kabupaten Kayong Utara', 12),
(166, 'Kabupaten Ketapang', 12),
(167, 'Kabupaten Kubu Raya', 12),
(168, 'Kabupaten Landak', 12),
(169, 'Kabupaten Melawi', 12),
(170, 'Kabupaten Mempawah', 12),
(171, 'Kabupaten Sambas', 12),
(172, 'Kabupaten Sanggau', 12),
(173, 'Kabupaten Sekadau', 12),
(174, 'Kabupaten Sintang', 12),
(175, 'Kota Pontianak', 12),
(176, 'Kota Singkawang', 12),
(177, 'Kabupaten Balangan', 13),
(178, 'Kabupaten Banjar', 13),
(179, 'Kabupaten Barito Kuala', 13),
(180, 'Kabupaten Hulu Sungai Selatan', 13),
(181, 'Kabupaten Hulu Sungai Tengah', 13),
(182, 'Kabupaten Hulu Sungai Utara', 13),
(183, 'Kabupaten Kotabaru', 13),
(184, 'Kabupaten Tabalong', 13),
(185, 'Kabupaten Tanah Bumbu', 13),
(186, 'Kabupaten Tanah Laut', 13),
(187, 'Kabupaten Tapin', 13),
(188, 'Kota Banjarbaru', 13),
(189, 'Kota Banjarmasin', 13),
(190, 'Kabupaten Barito Selatan', 14),
(191, 'Kabupaten Barito Timur', 14),
(192, 'Kabupaten Barito Utara', 14),
(193, 'Kabupaten Gunung Mas', 14),
(194, 'Kabupaten Kapuas', 14),
(195, 'Kabupaten Katingan', 14),
(196, 'Kabupaten Kotawaringin Barat', 14),
(197, 'Kabupaten Kotawaringin Timur', 14),
(198, 'Kabupaten Lamandau', 14),
(199, 'Kabupaten Murung Raya', 14),
(200, 'Kabupaten Pulang Pisau', 14),
(201, 'Kabupaten Seruyan', 14),
(202, 'Kabupaten Sukamara', 14),
(203, 'Kota Palangka Raya', 14),
(204, 'Kabupaten Berau', 15),
(205, 'Kabupaten Kutai Barat', 15),
(206, 'Kabupaten Kutai Kartanegara', 15),
(207, 'Kabupaten Kutai Timur', 15),
(208, 'Kabupaten Mahakam Ulu', 15),
(209, 'Kabupaten Paser', 15),
(210, 'Kabupaten Penajam Paser Utara', 15),
(211, 'Kota Balikpapan', 15),
(212, 'Kota Bontang', 15),
(213, 'Kota Samarinda', 15),
(214, 'Kabupaten Bulungan', 16),
(215, 'Kabupaten Malinau', 16),
(216, 'Kabupaten Nunukan', 16),
(217, 'Kabupaten Tana Tidung', 16),
(218, 'Kota Tarakan', 16),
(219, 'Kabupaten Bintan', 17),
(220, 'Kabupaten Karimun', 17),
(221, 'Kabupaten Kepulauan Anambas', 17),
(222, 'Kabupaten Lingga', 17),
(223, 'Kabupaten Natuna', 17),
(224, 'Kota Batam', 17),
(225, 'Kota Tanjung Pinang', 17),
(226, 'Kabupaten Lampung Barat', 18),
(227, 'Kabupaten Lampung Selatan', 18),
(228, 'Kabupaten Lampung Tengah', 18),
(229, 'Kabupaten Lampung Timur', 18),
(230, 'Kabupaten Lampung Utara', 18),
(231, 'Kabupaten Mesuji', 18),
(232, 'Kabupaten Pesawaran', 18),
(233, 'Kabupaten Pesisir Barat', 18),
(234, 'Kabupaten Pringsewu', 18),
(235, 'Kabupaten Tanggamus', 18),
(236, 'Kabupaten Tulang Bawang', 18),
(237, 'Kabupaten Tulang Bawang Barat', 18),
(238, 'Kabupaten Way Kanan', 18),
(239, 'Kota Bandar Lampung', 18),
(240, 'Kota Metro', 18),
(241, 'Kabupaten Buru', 19),
(242, 'Kabupaten Buru Selatan', 19),
(243, 'Kabupaten Kepulauan Aru', 19),
(244, 'Kabupaten Maluku Barat Daya', 19),
(245, 'Kabupaten Maluku Tengah', 19),
(246, 'Kabupaten Maluku Tenggara', 19),
(247, 'Kabupaten Maluku Tenggara Barat', 19),
(248, 'Kabupaten Seram Bagian Barat', 19),
(249, 'Kabupaten Seram Bagian Timur', 19),
(250, 'Kota Ambon', 19),
(251, 'Kota Tual', 19),
(252, 'Kabupaten Halmahera Barat', 20),
(253, 'Kabupaten Halmahera Selatan', 20),
(254, 'Kabupaten Halmahera Tengah', 20),
(255, 'Kabupaten Halmahera Timur', 20),
(256, 'Kabupaten Halmahera Utara', 20),
(257, 'Kabupaten Kepulauan Sula', 20),
(258, 'Kabupaten Pulau Morotai', 20),
(259, 'Kabupaten Pulau Taliabu', 20),
(260, 'Kota Ternate', 20),
(261, 'Kota Tidore Kepulauan', 20),
(262, 'Kabupaten Aceh Barat', 21),
(263, 'Kabupaten Aceh Barat Daya', 21),
(264, 'Kabupaten Aceh Besar', 21),
(265, 'Kabupaten Aceh Jaya', 21),
(266, 'Kabupaten Aceh Selatan', 21),
(267, 'Kabupaten Aceh Singkil', 21),
(268, 'Kabupaten Aceh Tamiang', 21),
(269, 'Kabupaten Aceh Tengah', 21),
(270, 'Kabupaten Aceh Tenggara', 21),
(271, 'Kabupaten Aceh Timur', 21),
(272, 'Kabupaten Aceh Utara', 21),
(273, 'Kabupaten Bener Meriah', 21),
(274, 'Kabupaten Bireuen', 21),
(275, 'Kabupaten Gayo Lues', 21),
(276, 'Kabupaten Nagan Raya', 21),
(277, 'Kabupaten Pidie', 21),
(278, 'Kabupaten Pidie Jaya', 21),
(279, 'Kabupaten Simeulue', 21),
(280, 'Kota Banda Aceh', 21),
(281, 'Kota Lhokseumawe', 21),
(282, 'Kota Sabang', 21),
(283, 'Kota Subulussalam', 21),
(284, 'Kabupaten Bima', 22),
(285, 'Kabupaten Dompu', 22),
(286, 'Kabupaten Lombok Barat', 22),
(287, 'Kabupaten Lombok Tengah', 22),
(288, 'Kabupaten Lombok Timur', 22),
(289, 'Kabupaten Lombok Utara', 22),
(290, 'Kabupaten Sumbawa', 22),
(291, 'Kabupaten Sumbawa Barat', 22),
(292, 'Kota Bima', 22),
(293, 'Kota Mataram', 22),
(294, 'Kabupaten  Ende', 23),
(295, 'Kabupaten  Flores Timur', 23),
(296, 'Kabupaten Alor', 23),
(297, 'Kabupaten Belu', 23),
(298, 'Kabupaten Ende', 23),
(299, 'Kabupaten Flores Timur', 23),
(300, 'Kabupaten Kupang', 23),
(301, 'Kabupaten Lembata', 23),
(302, 'Kabupaten Malaka', 23),
(303, 'Kabupaten Manggarai', 23),
(304, 'Kabupaten Manggarai Barat', 23),
(305, 'Kabupaten Manggarai Timur', 23),
(306, 'Kabupaten Nagekeo', 23),
(307, 'Kabupaten Ngada', 23),
(308, 'Kabupaten Rote Ndao', 23),
(309, 'Kabupaten Sabu Raijua', 23),
(310, 'Kabupaten Sikka', 23),
(311, 'Kabupaten Sumba Barat', 23),
(312, 'Kabupaten Sumba Barat Daya', 23),
(313, 'Kabupaten Sumba Tengah', 23),
(314, 'Kabupaten Sumba Timur', 23),
(315, 'Kabupaten Timor Tengah Selatan', 23),
(316, 'Kabupaten Timor Tengah Utara', 23),
(317, 'Kota Kupang', 23),
(318, 'Kabupaten Asmat', 24),
(319, 'Kabupaten Biak Numfor', 24),
(320, 'Kabupaten Boven Digoel', 24),
(321, 'Kabupaten Deiyai', 24),
(322, 'Kabupaten Dogiyai', 24),
(323, 'Kabupaten Intan Jaya', 24),
(324, 'Kabupaten Jayapura', 24),
(325, 'Kabupaten Jayawijaya', 24),
(326, 'Kabupaten Keerom', 24),
(327, 'Kabupaten Kepulauan Yapen', 24),
(328, 'Kabupaten Lanny Jaya', 24),
(329, 'Kabupaten Mamberamo Raya', 24),
(330, 'Kabupaten Mamberamo Tengah', 24),
(331, 'Kabupaten Mappi', 24),
(332, 'Kabupaten Merauke', 24),
(333, 'Kabupaten Mimika', 24),
(334, 'Kabupaten Nabire', 24),
(335, 'Kabupaten Nduga', 24),
(336, 'Kabupaten Paniai', 24),
(337, 'Kabupaten Pegunungan Bintang', 24),
(338, 'Kabupaten Puncak', 24),
(339, 'Kabupaten Puncak Jaya', 24),
(340, 'Kabupaten Sarmi', 24),
(341, 'Kabupaten Supiori', 24),
(342, 'Kabupaten Tolikara', 24),
(343, 'Kabupaten Waropen', 24),
(344, 'Kabupaten Yahukimo', 24),
(345, 'Kabupaten Yalimo', 24),
(346, 'Kota Jayapura', 24),
(347, 'Kabupaten Fakfak', 25),
(348, 'Kabupaten Kaimana', 25),
(349, 'Kabupaten Manokwari', 25),
(350, 'Kabupaten Manokwari Selatan', 25),
(351, 'Kabupaten Maybrat', 25),
(352, 'Kabupaten Pegunungan Arfak', 25),
(353, 'Kabupaten Raja Ampat', 25),
(354, 'Kabupaten Sorong', 25),
(355, 'Kabupaten Sorong Selatan', 25),
(356, 'Kabupaten Tambrauw', 25),
(357, 'Kabupaten Teluk Bintuni', 25),
(358, 'Kabupaten Teluk Wondama', 25),
(359, 'Kota Sorong', 25),
(360, 'Kabupaten Bengkalis', 26),
(361, 'Kabupaten Indragiri Hilir', 26),
(362, 'Kabupaten Indragiri Hulu', 26),
(363, 'Kabupaten Kampar', 26),
(364, 'Kabupaten Kepulauan Meranti', 26),
(365, 'Kabupaten Kuantan Singingi', 26),
(366, 'Kabupaten Pelalawan', 26),
(367, 'Kabupaten Rokan Hilir', 26),
(368, 'Kabupaten Rokan Hulu', 26),
(369, 'Kabupaten Siak', 26),
(370, 'Kota Dumai', 26),
(371, 'Kota Pekanbaru', 26),
(372, 'Kabupaten Majene', 27),
(373, 'Kabupaten Mamasa', 27),
(374, 'Kabupaten Mamuju', 27),
(375, 'Kabupaten Mamuju Tengah', 27),
(376, 'Kabupaten Mamuju Utara', 27),
(377, 'Kabupaten Polewali Mandar', 27),
(378, 'Kabupaten Bantaeng', 28),
(379, 'Kabupaten Barru', 28),
(380, 'Kabupaten Bone', 28),
(381, 'Kabupaten Bulukumba', 28),
(382, 'Kabupaten Enrekang', 28),
(383, 'Kabupaten Gowa', 28),
(384, 'Kabupaten Jeneponto', 28),
(385, 'Kabupaten Kepulauan Selayar', 28),
(386, 'Kabupaten Luwu', 28),
(387, 'Kabupaten Luwu Timur', 28),
(388, 'Kabupaten Luwu Utara', 28),
(389, 'Kabupaten Maros', 28),
(390, 'Kabupaten Pangkajene Kepulauan', 28),
(391, 'Kabupaten Pinrang', 28),
(392, 'Kabupaten Sidenreng Rappang', 28),
(393, 'Kabupaten Sinjai', 28),
(394, 'Kabupaten Soppeng', 28),
(395, 'Kabupaten Takalar', 28),
(396, 'Kabupaten Tana Toraja', 28),
(397, 'Kabupaten Toraja Utara', 28),
(398, 'Kabupaten Wajo', 28),
(399, 'Kota Makassar', 28),
(400, 'Kota Palopo', 28),
(401, 'Kota Parepare', 28),
(402, 'Kabupaten Banggai', 29),
(403, 'Kabupaten Banggai Kepulauan', 29),
(404, 'Kabupaten Banggai Laut', 29),
(405, 'Kabupaten Buol', 29),
(406, 'Kabupaten Donggala', 29),
(407, 'Kabupaten Morowali', 29),
(408, 'Kabupaten Morowali Utara', 29),
(409, 'Kabupaten Parigi Moutong', 29),
(410, 'Kabupaten Poso', 29),
(411, 'Kabupaten Sigi', 29),
(412, 'Kabupaten Tojo Una-Una', 29),
(413, 'Kabupaten Toli-Toli', 29),
(414, 'Kota Palu', 29),
(415, 'Kabupaten Bombana', 30),
(416, 'Kabupaten Buton', 30),
(417, 'Kabupaten Buton Selatan', 30),
(418, 'Kabupaten Buton Tengah', 30),
(419, 'Kabupaten Buton Utara', 30),
(420, 'Kabupaten Kolaka', 30),
(421, 'Kabupaten Kolaka Timur', 30),
(422, 'Kabupaten Kolaka Utara', 30),
(423, 'Kabupaten Konawe', 30),
(424, 'Kabupaten Konawe Kepulauan', 30),
(425, 'Kabupaten Konawe Selatan', 30),
(426, 'Kabupaten Konawe Utara', 30),
(427, 'Kabupaten Muna', 30),
(428, 'Kabupaten Muna Barat', 30),
(429, 'Kabupaten Wakatobi', 30),
(430, 'Kota Bau-Bau', 30),
(431, 'Kota Kendari', 30),
(432, 'Kabupaten Bolaang Mongondow', 31),
(433, 'Kabupaten Bolaang Mongondow Selatan', 31),
(434, 'Kabupaten Bolaang Mongondow Timur', 31),
(435, 'Kabupaten Bolaang Mongondow Utara', 31),
(436, 'Kabupaten Kepulauan Sangihe', 31),
(437, 'Kabupaten Kepulauan Siau Tagulandang Biaro (Sitaro)', 31),
(438, 'Kabupaten Kepulauan Talaud', 31),
(439, 'Kabupaten Minahasa', 31),
(440, 'Kabupaten Minahasa Selatan', 31),
(441, 'Kabupaten Minahasa Tenggara', 31),
(442, 'Kabupaten Minahasa Utara', 31),
(443, 'Kota Bitung', 31),
(444, 'Kota Kotamobagu', 31),
(445, 'Kota Manado', 31),
(446, 'Kota Tomohon', 31),
(447, 'Kabupaten Agam', 32),
(448, 'Kabupaten Dharmasraya', 32),
(449, 'Kabupaten Kepulauan Mentawai', 32),
(450, 'Kabupaten Lima Puluh ', 32),
(451, 'Kabupaten Padang Pariaman', 32),
(452, 'Kabupaten Pasaman', 32),
(453, 'Kabupaten Pasaman Barat', 32),
(454, 'Kabupaten Pesisir Selatan', 32),
(455, 'Kabupaten Sijunjung', 32),
(456, 'Kabupaten Solok', 32),
(457, 'Kabupaten Solok Selatan', 32),
(458, 'Kabupaten Tanah Datar', 32),
(459, 'Kota Bukittinggi', 32),
(460, 'Kota Padang', 32),
(461, 'Kota Padang Panjang', 32),
(462, 'Kota Pariaman', 32),
(463, 'Kota Payakumbuh', 32),
(464, 'Kota Sawah Lunto', 32),
(465, 'Kota Solok', 32),
(466, 'Kabupaten Banyuasin', 33),
(467, 'Kabupaten Empat Lawang', 33),
(468, 'Kabupaten Lahat', 33),
(469, 'Kabupaten Muara Enim', 33),
(470, 'Kabupaten Musi Banyuasin', 33),
(471, 'Kabupaten Musi Rawas', 33),
(472, 'Kabupaten Musi Rawas Utara', 33),
(473, 'Kabupaten Ogan Ilir', 33),
(474, 'Kabupaten Ogan Komering Ilir', 33),
(475, 'Kabupaten Ogan Komering Ulu', 33),
(476, 'Kabupaten Ogan Komering Ulu Selatan', 33),
(477, 'Kabupaten Ogan Komering Ulu Timur', 33),
(478, 'Kabupaten Penukal Abab Lematang Ilir', 33),
(479, 'Kota Lubuk Linggau', 33),
(480, 'Kota Pagar Alam', 33),
(481, 'Kota Palembang', 33),
(482, 'Kota Prabumulih', 33),
(483, 'Kabupaten Asahan', 34),
(484, 'Kabupaten Batu Bara', 34),
(485, 'Kabupaten Dairi', 34),
(486, 'Kabupaten Deli Serdang', 34),
(487, 'Kabupaten Humbang Hasundutan', 34),
(488, 'Kabupaten Karo', 34),
(489, 'Kabupaten Labuhanbatu', 34),
(490, 'Kabupaten Labuhanbatu Selatan', 34),
(491, 'Kabupaten Labuhanbatu Utara', 34),
(492, 'Kabupaten Langkat', 34),
(493, 'Kabupaten Mandailing Natal', 34),
(494, 'Kabupaten Nias', 34),
(495, 'Kabupaten Nias Barat', 34),
(496, 'Kabupaten Nias Selatan', 34),
(497, 'Kabupaten Nias Utara', 34),
(498, 'Kabupaten Padang Lawas', 34),
(499, 'Kabupaten Padang Lawas Utara', 34),
(500, 'Kabupaten Pakpak Bharat', 34),
(501, 'Kabupaten Samosir', 34),
(502, 'Kabupaten Serdang Bedagai', 34),
(503, 'Kabupaten Simalungun', 34),
(504, 'Kabupaten Tapanuli Selatan', 34),
(505, 'Kabupaten Tapanuli Tengah', 34),
(506, 'Kabupaten Tapanuli Utara', 34),
(507, 'Kabupaten Toba Samosir', 34),
(508, 'Kota Binjai', 34),
(509, 'Kota Gunungsitoli', 34),
(510, 'Kota Medan', 34),
(511, 'Kota Padang Sidempuan', 34),
(512, 'Kota Pematang Siantar', 34),
(513, 'Kota Sibolga', 34),
(514, 'Kota Tanjung Balai', 34),
(515, 'Kota Tebing Tinggi', 34);

-- --------------------------------------------------------

--
-- Struktur dari tabel `tm_level`
--

CREATE TABLE `tm_level` (
  `id_level` tinyint(4) NOT NULL,
  `level` varchar(15) NOT NULL
) ENGINE=InnoDB DEFAULT CHARSET=latin1;

--
-- Dumping data untuk tabel `tm_level`
--

INSERT INTO `tm_level` (`id_level`, `level`) VALUES
(1, 'Mahasiswa'),
(2, 'Korbid PKL'),
(3, 'Admin Prodi'),
(4, 'Manajemen'),
(5, 'Root'),
(6, 'dosen');

-- --------------------------------------------------------

--
-- Struktur dari tabel `tm_lokasi`
--

CREATE TABLE `tm_lokasi` (
  `id_lokasi` int(11) NOT NULL,
  `nama_lokasi` varchar(50) NOT NULL,
  `alamat` varchar(255) NOT NULL,
  `telp` varchar(15) NOT NULL,
  `id_kota` int(11) NOT NULL,
  `kode_pos` varchar(6) DEFAULT NULL,
  `longitude` text,
  `latitude` text
) ENGINE=InnoDB DEFAULT CHARSET=latin1;

--
-- Dumping data untuk tabel `tm_lokasi`
--

INSERT INTO `tm_lokasi` (`id_lokasi`, `nama_lokasi`, `alamat`, `telp`, `id_kota`, `kode_pos`, `longitude`, `latitude`) VALUES
(1, 'POLIJE', 'Jl. Mastrip Kotak Pos 164', '0331333532', 131, '68124', '115', '114'),
(2, 'PT POS', 'Jl. Achmad Yani No.131', '0338671300', 1, '68300', '112', '113'),
(3, 'PLN Area Malang', 'Jl. Jenderal Basuki Rahmat No.100,', '0341326034', 1, '65119', '221', '223');

-- --------------------------------------------------------

--
-- Struktur dari tabel `tm_mahasiswa`
--

CREATE TABLE `tm_mahasiswa` (
  `NIM` varchar(10) NOT NULL,
  `nama_mhs` varchar(50) NOT NULL,
  `jenis_kelamin` enum('1','2','','') NOT NULL,
  `telp` varchar(15) NOT NULL,
  `id_prodi` tinyint(4) NOT NULL,
  `id_angkatan` tinyint(4) NOT NULL,
  `id_level` int(11) NOT NULL,
  `password` varchar(255) NOT NULL
) ENGINE=InnoDB DEFAULT CHARSET=latin1;

--
-- Dumping data untuk tabel `tm_mahasiswa`
--

INSERT INTO `tm_mahasiswa` (`NIM`, `nama_mhs`, `jenis_kelamin`, `telp`, `id_prodi`, `id_angkatan`, `id_level`, `password`) VALUES
('E31130844', 'Moch. Rivaldi Aftoni', '1', '85232065012', 15, 2, 1, 'E31130844'),
('E31170050', 'Liana Dewi', '2', '85236349514', 15, 1, 1, 'E31170050'),
('E31170068', 'Endang Sulastri', '1', '85212529296', 15, 1, 1, 'E31170068'),
('E31170087', 'M. Rizki Fadhoni', '1', '82301297173', 15, 1, 1, 'E31170087'),
('E31170092', 'Ninis Septia Masulah', '2', '85853664037', 15, 1, 1, 'E31170092'),
('E31170093', 'Muhammad Ma\'Arif Al Hadi', '1', '81330734959', 15, 1, 1, 'E31170093'),
('E31170109', 'Hasan Saiful Rizal', '1', '82257883726', 15, 1, 1, 'E31170109'),
('E31170152', 'Angga Andika Putra', '1', '8,96E+11', 15, 1, 1, 'E31170152'),
('E31170156', 'Maulidiyawati', '2', '81235957275', 15, 1, 1, 'E31170156'),
('E31170163', 'Mohammad Hafis', '1', '87778408765', 15, 1, 1, 'E31170163'),
('E31170215', 'Chinta Eva Agustin', '2', '81934893512', 15, 1, 1, 'E31170215'),
('E31170217', 'Alifiah Wahyu Widya Wuri', '2', '89683054109', 15, 1, 1, 'E31170217'),
('E31170224', 'Luqman Dwi Syamhadi', '1', '89617471984', 15, 1, 1, 'E31170224'),
('E31170237', 'Dhany Rivaldi Febryansah', '1', '81231355257', 15, 1, 1, 'E31170237'),
('E31170249', 'Abraham Firdaus Fathurrosi', '1', '81217394021', 15, 1, 1, 'E31170249'),
('E31170253', 'Putri Kinanti W', '2', '8,95E+11', 15, 1, 1, 'E31170253'),
('E31170273', 'Nurul Aini', '2', '81554431822', 15, 1, 1, 'E31170273'),
('E31170275', 'Aldi Fio Putra Pratama', '1', '85815313861', 15, 1, 1, 'E31170275'),
('E31170300', 'M. Ridwan Hakim', '1', '82334561373', 15, 1, 1, 'E31170300'),
('E31170307', 'Riansyah Rohmatullah Herianto ', '1', '82142271447', 15, 1, 1, 'E31170307'),
('E31170313', 'Firman Riski Pratama', '1', '83122312202', 15, 1, 1, 'E31170313'),
('E31170325', 'Novita Ayu Agustin', '2', '82230033243', 15, 1, 1, 'E31170325'),
('E31170356', 'Dinda Mar\'Aida Tammalah', '2', '82141603471', 15, 1, 1, 'E31170356'),
('E31170364', 'Ilmi Yuli Riassta', '2', '8155623188', 15, 1, 1, 'E31170364'),
('E31170372', 'Syafiratul Hikmah', '2', '85231735594', 15, 1, 1, 'E31170372'),
('E31170384', 'Achmad Apriliandi Alallah', '1', '82247877665', 15, 1, 1, 'E31170384'),
('E31170389', 'Rino Setyawan', '1', '88228357742', 15, 1, 1, 'E31170389'),
('E31170392', 'Wahyu Ramafijayandi', '1', '8990413312', 15, 1, 1, 'E31170392'),
('E31170394', 'M Fanny Pratama Y', '1', '82231720719', 15, 1, 1, 'E31170394'),
('E31170400', 'Fedya Kharisma Putra', '1', '89505315437', 15, 1, 1, 'E31170400'),
('E31170406', 'Anisah Ulfa Farchani', '2', '89681746348', 15, 1, 1, 'E31170406'),
('E31170417', 'Krisna Jumantara Panca Putra', '1', '82233625825', 15, 1, 1, 'E31170417'),
('E31170445', 'Rio Andika Oktavian', '1', '82332733626', 15, 1, 1, 'E31170445'),
('E31170448', 'Septian Nana Putri', '2', '82245502072', 15, 1, 1, 'E31170448'),
('E31170453', 'Yalbiy Sam Haqqi', '1', '81259909594', 15, 1, 1, 'E31170453'),
('E31170455', 'M. Imam Najamuddin Alwafi\'I', '1', '85204609987', 15, 1, 1, 'E31170455'),
('E31170467', 'Muhammad Basori Alwi', '1', '89650222426', 15, 1, 1, 'E31170467'),
('E31170468', 'Audi Hening Cipta Prameswara', '1', '8,95E+11', 15, 1, 1, 'E31170468'),
('E31170487', 'Isro\'Ain Dwi Octaviani', '2', '81232146996', 15, 1, 1, 'E31170487'),
('E31170532', 'Fitri Ayu Ramadhany', '2', '88228071828', 15, 1, 1, 'E31170532'),
('E31170565', 'Regita Cahyani', '2', '83846654278', 15, 1, 1, 'E31170565'),
('E31170570', 'Dedy Bramayadi', '1', '89505612596', 15, 1, 1, 'E31170570'),
('E31170595', 'Robby Kevin Pranungki', '1', '89699942752', 15, 1, 1, 'E31170595'),
('E31170603', 'Nanda Muhammad Saputra', '1', '85321015704', 15, 1, 1, 'E31170603'),
('E31170604', 'Fitriya', '1', '85904249846', 15, 1, 1, 'E31170604'),
('E31170618', 'Achmad Ghalib Ramadhan Abiyyuga', '1', '85258539111', 15, 1, 1, 'E31170618'),
('E31170650', 'Refadista Rizki Yani', '2', '85397487654', 15, 1, 1, 'E31170650'),
('E31170653', 'Putri Yayang Yuliyanti', '1', '85251031310', 15, 1, 1, 'E31170653'),
('E31170667', 'Elza Setya Agattha Prameswari', '2', '8,95E+11', 15, 1, 1, 'E31170667'),
('E31170688', 'Moch Rizal Anshori', '1', '8,95E+11', 15, 1, 1, 'E31170688'),
('E31170693', 'Ingka Riskia Umami', '2', '85258043468', 15, 1, 1, 'E31170693'),
('E31170697', 'Norma Nurdiansyah Ramadani', '2', '85236770567', 15, 1, 1, 'E31170697'),
('E31170704', 'Syarifah Aini', '2', '89695356694', 15, 1, 1, 'E31170704'),
('E31170715', 'Rica Mei Lina Ambarwati', '1', '85855113002', 15, 1, 1, 'E31170715'),
('E31170717', 'M. Fuat', '1', '89629580495', 15, 1, 1, 'E31170717'),
('E31170734', 'Nella Rengga Avisa Putri', '2', '85806877520', 15, 1, 1, 'E31170734'),
('E31170763', 'Desinta Saputri', '2', '81555982249', 15, 1, 1, 'E31170763'),
('E31170800', 'Fauzi Tito Pambardi', '1', '82245324509', 15, 1, 1, 'E31170800'),
('E31170805', 'Yeniarista Herdina Safitri', '1', '81259517578', 15, 1, 1, 'E31170805'),
('E31170822', 'Qomaria Qolbi Nurmaina', '2', '82338509335', 15, 1, 1, 'E31170822'),
('E31170858', 'Diana Maulidiyyah', '2', '82136953005', 15, 1, 1, 'E31170858'),
('E31170865', 'Meirita Hariyatin', '2', '85854003265', 15, 1, 1, 'E31170865'),
('E31170906', 'Lilik Novita Sari', '1', '82334812970', 15, 1, 1, 'E31170906'),
('E31170933', 'Gita Nuraini', '2', '85197289505', 15, 1, 1, 'E31170933'),
('E31170937', 'Lintang Baskoro Cahyo', '1', '81216219591', 15, 1, 1, 'E31170937'),
('E31170940', 'Layin Indah Lestari', '1', '82288447412', 15, 1, 1, 'E31170940'),
('E31171030', 'Nur Intan Nida', '2', '82234493354', 15, 1, 1, 'E31171030'),
('E31171037', 'Lina Septi Kusumarini', '2', '89697732184', 15, 1, 1, 'E31171037'),
('E31171042', 'Alfanita Darmayanti', '2', '81230690181', 15, 1, 1, 'E31171042'),
('E31171061', 'Tengku Fahmi Syah Putra', '1', '85258410987', 15, 1, 1, 'E31171061'),
('E31171076', 'Muhammad Novan Ali Harda', '1', '81250314977', 15, 1, 1, 'E31171076'),
('E31171096', 'Dima Pinteen Mifty', '2', '83853436997', 15, 1, 1, 'E31171096'),
('E31171097', 'Zenifa Fairus Maulidya', '2', '82257768615', 15, 1, 1, 'E31171097'),
('E31171098', 'Fia Haliyatul Komariah', '2', '89601305314', 15, 1, 1, 'E31171098'),
('E31171103', 'Faris Muhammad', '1', '82214602837', 15, 1, 1, 'E31171103'),
('E31171106', 'Meivi Nawang Wulan', '2', '8980255474', 15, 1, 1, 'E31171106'),
('E31171137', 'Alno Farizi Arsyah', '1', '82245243220', 15, 1, 1, 'E31171137'),
('E31171151', 'Sumiati', '2', '81359739565', 15, 1, 1, 'E31171151'),
('E31171160', 'Nova Prasetyo', '1', '82302223505', 15, 1, 1, 'E31171160'),
('E31171188', 'M. Hijrah Mauludi Cholilullah', '1', '81216325065', 15, 1, 1, 'E31171188'),
('E31171195', 'Ferrian Alhamdi', '1', '83847459149', 15, 1, 1, 'E31171195'),
('E31171224', 'Fajar Riyanto', '1', '82234674007', 15, 1, 1, 'E31171224'),
('E31171233', 'Astiti Cahyaningtyas', '2', '82233121847', 15, 1, 1, 'E31171233'),
('E31171236', 'Khofifah Nur Aini Hasbakh', '2', '81555404949', 15, 1, 1, 'E31171236'),
('E31171243', 'Farhan Sufransya Bachri', '1', '87849282839', 15, 1, 1, 'E31171243'),
('E31171247', 'Tryezel Yofye Wahyu Edyanata', '1', '85215067435', 15, 1, 1, 'E31171247'),
('E31171257', 'Apnes Prawita', '2', '82234899467', 15, 1, 1, 'E31171257'),
('E31171281', 'David Helmi Bahari', '1', '85816914722', 15, 1, 1, 'E31171281'),
('E31171294', 'Intan Permatasari', '2', '81226499987', 15, 1, 1, 'E31171294'),
('E31171296', 'Aprilia Cindy Ravika Putri', '2', '85746908676', 15, 1, 1, 'E31171296'),
('E31171299', 'Chusnul Chotimah', '2', '83853428637', 15, 1, 1, 'E31171299'),
('E31171313', 'Evan Hendra Lukito', '1', '81332162122', 15, 1, 1, 'E31171313'),
('E31171317', 'Irvan Junaidi', '1', '85655551650', 15, 1, 1, 'E31171317'),
('E31171333', 'Sandy Wijaya', '1', '82331393097', 15, 1, 1, 'E31171333'),
('E31171350', 'Salas Zainul Abdurrohman', '1', '8970691521', 15, 1, 1, 'E31171350'),
('E31171358', 'Rezha Pratama Hidayat', '1', '81333990040', 15, 1, 1, 'E31171358'),
('E31171363', 'Andrian Dwiky Putra', '1', '89601081206', 15, 1, 1, 'E31171363'),
('E31171367', 'Laili Qodariyanti', '2', '85748695673', 15, 1, 1, 'E31171367'),
('E31171375', 'Widya Tantri Harisanti', '2', '8973924518', 15, 1, 1, 'E31171375'),
('E31171378', 'Dadang Guntur Pramono', '1', '85232749031', 15, 1, 1, 'E31171378'),
('E31171396', 'Alda Gheauly Hastary Rubiyanti', '2', '81216385120', 15, 1, 1, 'E31171396'),
('E31171414', 'Rustiti Azizah', '2', '81252529965', 15, 1, 1, 'E31171414'),
('E31171426', 'Bismi Putri Nurdiyah Mulyani', '2', '81249338804', 15, 1, 1, 'E31171426'),
('E31171427', 'Fellia Nurlailatul Rochmah', '2', '85232324701', 15, 1, 1, 'E31171427'),
('E31171431', 'Yohana Nikita Wylva', '2', '8510277631', 15, 1, 1, 'E31171431'),
('E31171443', 'Andari Maudytamara Vidia', '2', '81553035865', 15, 1, 1, 'E31171443'),
('E31171470', 'Risma Dwi Utami', '2', '82233395350', 15, 1, 1, 'E31171470'),
('E31171494', 'Teddi Juniarlaksono', '1', '82331389198', 15, 1, 1, 'E31171494'),
('E31171539', 'Sandra Cipta Maghdalena', '2', '82139985684', 15, 1, 1, 'E31171539'),
('E31171550', 'Sita Maryam Qodzarin', '2', '82335505989', 15, 1, 1, 'E31171550'),
('E31171556', 'Alifvia Egha Sasmitha', '2', '81231994351', 15, 1, 1, 'E31171556'),
('E31171598', 'Frida Debby Wahyuningtyas', '2', '81217100217', 15, 1, 1, 'E31171598'),
('E31171608', 'M.Robit Fajrul Kirom', '1', '81264809478', 15, 1, 1, 'E31171608'),
('E31171615', 'Muhammad Yusuf Afandi', '1', '85259735804', 15, 1, 1, 'E31171615'),
('E31171618', 'Ahmad Rizkianto', '1', '81252540130', 15, 1, 1, 'E31171618'),
('E31171646', 'Ahmad Husaini', '1', '8,96E+11', 15, 1, 1, 'E31171646'),
('E31171653', 'Ahmad Faqih Hamdani', '1', '82232164617', 15, 1, 1, 'E31171653'),
('E31171680', 'Rezki Putriwulandari', '2', '82247140800', 15, 1, 1, 'E31171680'),
('E31171692', 'Ibrahim', '1', '82257855254', 15, 1, 1, 'E31171692'),
('E31171733', 'Rosi Eka Sakti', '1', '81337770039', 15, 1, 1, 'E31171733'),
('E31171760', 'Aditiya Kurniawan', '1', '85859401296', 15, 1, 1, 'E31171760'),
('E31171777', 'Dede Zakarya', '1', '85604950193', 15, 1, 1, 'E31171777'),
('E31171791', 'Ilham Adithya Putra', '1', '82233969054', 15, 1, 1, 'E31171791'),
('E31171799', 'Fajar Siddiqi Putu Sa\'Ed', '1', '8,81E+11', 15, 1, 1, 'E31171799'),
('E31171804', 'Lourna Fitaloka', '2', '82141787297', 15, 1, 1, 'E31171804'),
('E31171839', 'Ifan Ghaffar Akhmad', '1', '81230487939', 15, 1, 1, 'E31171839'),
('E31171841', 'Ahmad Faiz Al Khorly Sukman', '1', '83847529213', 15, 1, 1, 'E31171841'),
('E31171842', 'Wahyu Nurhidayati', '2', '81246312251', 15, 1, 1, 'E31171842'),
('E31171849', 'M.Firdausillah', '1', '85212125044', 15, 1, 1, 'E31171849'),
('E31171851', 'Edwin Ramadani', '1', '8,95E+11', 15, 1, 1, 'E31171851'),
('E31171855', 'Priagung Hendra Prasetya Putra', '1', '83847480764', 15, 1, 1, 'E31171855'),
('E31171866', 'Imron Sholehuddin', '1', '85257790934', 15, 1, 1, 'E31171866'),
('E31171868', 'Hoiril Anwar', '1', '82330215923', 15, 1, 1, 'E31171868'),
('E31171869', 'Agung Putra Wahyu Setiawan', '1', '85230839750', 15, 1, 1, 'E31171869'),
('E31171879', 'Ela Elfrida Waskito Putri ', '2', '85336060284', 15, 1, 1, 'E31171879'),
('E31171887', 'Mahardika Suryawan', '1', '81259324250', 15, 1, 1, 'E31171887'),
('E31171901', 'Alda Meidita Saraswati', '2', '87788586074', 15, 1, 1, 'E31171901'),
('E31171904', 'Sukma Ayunda Safitri ', '2', '89682658311', 15, 1, 1, 'E31171904'),
('E31171908', 'Ilmi Rahmadhana Yanti', '2', '83847842483', 15, 1, 1, 'E31171908'),
('E31171919', 'Dicky Mahendra Satyawardhana', '1', '82318020674', 15, 1, 1, 'E31171919'),
('E31171932', 'Yuda Maulana', '1', '85257556623', 15, 1, 1, 'E31171932'),
('E31171935', 'Chandra Rizki Pradana', '1', '8,96E+11', 15, 1, 1, 'E31171935'),
('E31171951', 'Eko Prayogi', '1', '82228154516', 15, 1, 1, 'E31171951'),
('E31171952', 'Sandhika Aditya Septian', '1', '8981674306', 15, 1, 1, 'E31171952'),
('E31171971', 'Rico Septian Pratama', '1', '82257855914', 15, 1, 1, 'E31171971'),
('E31171992', 'Yoga Oxyrisfe', '1', '81294576435', 15, 1, 1, 'E31171992'),
('E31171993', 'Mochammad Ilham Study Wartana', '1', '82140798462', 15, 1, 1, 'E31171993'),
('E31171996', 'Rizky Amalia Maghfiroh', '2', '8,95E+11', 15, 1, 1, 'E31171996'),
('E31172007', 'Teguh Karyo Mukti', '1', '82324385531', 15, 1, 1, 'E31172007'),
('E31172032', 'Rifqy Abdillah', '1', '82229125676', 15, 1, 1, 'E31172032'),
('E31172055', 'Ichwal Yudha Bimantara', '1', '83122485969', 15, 1, 1, 'E31172055'),
('E31172091', 'Eka Safitri', '2', '82245620949', 15, 1, 1, 'E31172091'),
('E31172116', 'Erika Puji Rahayu', '2', '85731592582', 15, 1, 1, 'E31172116'),
('E31172146', 'Ummi Sa\'Adah', '2', '8,95E+11', 15, 1, 1, 'E31172146'),
('E31172173', 'Syahruli Mauliddin', '1', '82336044627', 15, 1, 1, 'E31172173'),
('E31172200', 'Rahmatullah Irham Insan Maulana', '1', '85100823366', 15, 1, 1, 'E31172200'),
('E31172208', 'Wahyudi Andrian', '1', '85231099854', 15, 1, 1, 'E31172208'),
('E31172233', 'Khafifah Faizatul Munawarah', '2', '85655717863', 15, 1, 1, 'E31172233'),
('E31172237', 'Devana Ade Luciar', '1', '89509827654', 15, 1, 1, 'E31172237'),
('E31172262', 'Hamjek Kogoya', '1', '81251662951', 15, 1, 1, 'E31172262'),
('E31180112', 'Inta Okta Restanti', '2', '8,95E+11', 15, 2, 1, 'E31180112'),
('E31180113', 'Agung Wicaksono', '1', '82335429531', 15, 2, 1, 'E31180113'),
('E31180182', 'Adi Dharma', '1', '87753161158', 15, 2, 1, 'E31180182'),
('E31180187', 'Puspita Sari Rakhmatullah', '2', '85236386549', 15, 2, 1, 'E31180187'),
('E31180207', 'Mohammad Badar Pamungkas', '1', '81249320355', 15, 2, 1, 'E31180207'),
('E31180222', 'Ella Wahyuningtyas', '2', '81358001716', 15, 2, 1, 'E31180222'),
('E31180243', 'Yuni Lutfiatun Hikmah', '2', '89699965662', 15, 2, 1, 'E31180243'),
('E31180256', 'Alfira Rosalina Damela', '2', '82234929502', 15, 2, 1, 'E31180256'),
('E31180260', 'Faizal Fikri Hamdani', '1', '85236516527', 15, 2, 1, 'E31180260'),
('E31180269', 'Suci Rahayu', '2', '81231571594', 15, 2, 1, 'E31180269'),
('E31180276', 'Muhammad Firman Age Bimantara', '1', '89688492283', 15, 2, 1, 'E31180276'),
('E31180295', 'Bunayya Maulana', '1', '8990500250', 15, 2, 1, 'E31180295'),
('E31180297', 'Nurin Astin Valida', '2', '8974050202', 15, 2, 1, 'E31180297'),
('E31180299', 'Desy Wahyuningtyas', '2', '82335544199', 15, 2, 1, 'E31180299'),
('E31180303', 'Yahya Aji Wijaya', '1', '85733937688', 15, 2, 1, 'E31180303'),
('E31180306', 'Nofita Okta Sasmita', '2', '85823885205', 15, 2, 1, 'E31180306'),
('E31180332', 'Dewi Ratih Tilamsari Wibowo', '2', '89606004248', 15, 2, 1, 'E31180332'),
('E31180365', 'Komariah', '2', '82232480043', 15, 2, 1, 'E31180365'),
('E31180369', ' Putri Rachmawati', '2', '89523063604', 15, 2, 1, 'E31180369'),
('E31180370', 'Aidatul Fakhirah', '2', '82330634105', 15, 2, 1, 'E31180370'),
('E31180373', 'Siti Khofsyah', '2', '81459075450', 15, 2, 1, 'E31180373'),
('E31180379', 'Ach Sihabuddin Mabruri', '1', '82141641644', 15, 2, 1, 'E31180379'),
('E31180387', 'Kanisa Sheila In Alvionita', '2', '89646342683', 15, 2, 1, 'E31180387'),
('E31180421', 'Aris Arya Damar', '1', '81233604948', 15, 2, 1, 'E31180421'),
('E31180427', 'Reza Romadhoni Alwi', '1', '85330388329', 15, 2, 1, 'E31180427'),
('E31180456', 'Riski Eka Saputri ', '2', '87755382817', 15, 2, 1, 'E31180456'),
('E31180464', 'Septiyan Yuliono', '1', '81999777846', 15, 2, 1, 'E31180464'),
('E31180471', 'Qismaturrohmah', '2', '82341023560', 15, 2, 1, 'E31180471'),
('E31180491', 'Imfi Nur Faiziyah', '2', '82330710501', 15, 2, 1, 'E31180491'),
('E31180504', 'Putri Budiasih', '2', '85330183550', 15, 2, 1, 'E31180504'),
('E31180509', 'Ekky Aulia Rahman', '1', '82234827215', 15, 2, 1, 'E31180509'),
('E31180513', 'Sugeng Hariono', '1', '85156961602', 15, 2, 1, 'E31180513'),
('E31180539', 'M. Yusril Kemas Hidayatullah', '1', '81935156075', 15, 2, 1, 'E31180539'),
('E31180552', 'Muhammad Junaidi Abdillah', '1', '82332944056', 15, 2, 1, 'E31180552'),
('E31180575', 'Ellen Melinda Putri Arifiyana Sari', '2', '85745750795', 15, 2, 1, 'E31180575'),
('E31180616', 'Mohammad Afida Rifqi', '1', '82257454470', 15, 2, 1, 'E31180616'),
('E31180638', 'Nailul Azmi Zidni Ilma ', '1', '81362081369', 15, 2, 1, 'E31180638'),
('E31180644', 'Diajeng Shinta Febri Rahayu', '2', '85791166106', 15, 2, 1, 'E31180644'),
('E31180661', 'Yetik Yusnia', '2', '87803272650', 15, 2, 1, 'E31180661'),
('E31180678', 'Venna Ersis Relita', '2', '83847337988', 15, 2, 1, 'E31180678'),
('E31180684', 'Melania Rinihandita', '2', '89665459570', 15, 2, 1, 'E31180684'),
('E31180686', 'Hikmah Qur\'Aning Tyas', '2', '82140818868', 15, 2, 1, 'E31180686'),
('E31180691', 'Ahmad Farhan Ali', '1', '81331173573', 15, 2, 1, 'E31180691'),
('E31180698', 'Nadia Nur Huriyah Farah', '2', '81231572141', 15, 2, 1, 'E31180698'),
('E31180703', 'Anita Kurniawati', '2', '81329188189', 15, 2, 1, 'E31180703'),
('E31180724', 'Arifan Firdausi Ridho', '1', '85102614220', 15, 2, 1, 'E31180724'),
('E31180735', 'Nada Hasni Muhammad', '1', '85735678159', 15, 2, 1, 'E31180735'),
('E31180737', 'Muliyana Ayu A.', '2', '82335937562', 15, 2, 1, 'E31180737'),
('E31180742', 'Ishaq Husainy Nuryanto', '1', '85156049380', 15, 2, 1, 'E31180742'),
('E31180745', 'Rokhimatus Zahro', '2', '82234028798', 15, 2, 1, 'E31180745'),
('E31180748', 'Dwinda Ayulia Edita Sari', '1', '82338766435', 15, 2, 1, 'E31180748'),
('E31180786', 'Nur Widiyanti', '2', '85748492953', 15, 2, 1, 'E31180786'),
('E31180819', 'Moch. Iqbal Rosyidi', '1', '81336769116', 15, 2, 1, 'E31180819'),
('E31180825', 'Kevin Adityaputra Adriansyah', '1', '8155222223', 15, 2, 1, 'E31180825'),
('E31180837', 'Miftah Rizqi Azizah', '2', '89697269713', 15, 2, 1, 'E31180837'),
('E31180838', 'Yuana Dwi Pangestu', '2', '82352539515', 15, 2, 1, 'E31180838'),
('E31180858', 'Nadia Novita Sari', '2', '81555997843', 15, 2, 1, 'E31180858'),
('E31180878', 'Novyan Dicky Prasetyo', '1', '81934613970', 15, 2, 1, 'E31180878'),
('E31180884', 'Anita Safitri', '2', '82324377435', 15, 2, 1, 'E31180884'),
('E31180892', 'Rury Agista Asminingsih', '1', '82234901814', 15, 2, 1, 'E31180892'),
('E31180926', 'Musbihatul Choriroh', '2', '85784864504', 15, 2, 1, 'E31180926'),
('E31180928', 'Imelia Rosita D', '2', '82213666744', 15, 2, 1, 'E31180928'),
('E31180941', 'Nina Ardana', '2', '85730026610', 15, 2, 1, 'E31180941'),
('E31180949', 'Akbar Imawan Dwi Cahya', '1', '83111693720', 15, 2, 1, 'E31180949'),
('E31180989', 'Afif Faris Hudaifi', '1', '89697020078', 15, 2, 1, 'E31180989'),
('E31181032', 'Maulien Julya Selebritish', '1', '89647770668', 15, 2, 1, 'E31181032'),
('E31181049', 'Bagus Fachruddin', '1', '81252641008', 15, 2, 1, 'E31181049'),
('E31181086', 'Dora Zuhrufatus Solihah', '2', '82245288781', 15, 2, 1, 'E31181086'),
('E31181091', 'Camalla Sabrina Yusviazah', '1', '89631912259', 15, 2, 1, 'E31181091'),
('E31181097', 'Rizky Nurwinda', '2', '85606070505', 15, 2, 1, 'E31181097'),
('E31181100', 'Riwella Nanda Urbaning P', '2', '87741108500', 15, 2, 1, 'E31181100'),
('E31181131', 'Siti Anisa', '2', '83834920447', 15, 2, 1, 'E31181131'),
('E31181158', 'Rafif Zuhdi Filiatno', '1', '85887244070', 15, 2, 1, 'E31181158'),
('E31181192', 'Nada Tiara Maharani', '1', '82265168841', 15, 2, 1, 'E31181192'),
('E31181204', 'Fariz Gustafianto', '1', '81553026285', 15, 2, 1, 'E31181204'),
('E31181263', 'Karimatus Sofi\'Ah', '2', '81514158554', 15, 2, 1, 'E31181263'),
('E31181280', 'Wulan Cahya Wandani', '2', '85708514574', 15, 2, 1, 'E31181280'),
('E31181295', 'Amry Zulfa Al Husna', '1', '82234121604', 15, 2, 1, 'E31181295'),
('E31181297', 'Sasti Widiyas Sari', '2', '8995066139', 15, 2, 1, 'E31181297'),
('E31181368', 'Istifadatul Maulania', '2', '81332105353', 15, 2, 1, 'E31181368'),
('E31181373', 'Ratna Dewi Safitri', '2', '85607936355', 15, 2, 1, 'E31181373'),
('E31181377', 'Iftitah Aprillia Afiandra', '2', '85330343627', 15, 2, 1, 'E31181377'),
('E31181391', 'An Nissa Safitri', '2', '85895014535', 15, 2, 1, 'E31181391'),
('E31181423', 'Naufal Raihan Mahastra', '1', '81336778774', 15, 2, 1, 'E31181423'),
('E31181436', 'Nur Kumala Sari', '2', '81336251449', 15, 2, 1, 'E31181436'),
('E31181452', 'Siti Anisah ', '2', '82245800319', 15, 2, 1, 'E31181452'),
('E31181474', 'Choirul Anam', '1', '81233785665', 15, 2, 1, 'E31181474'),
('E31181492', 'Kevin Rahandika Wibawa', '1', '89503409495', 15, 2, 1, 'E31181492'),
('E31181496', 'Murpy Satriya Nugraha', '1', '89655199159', 15, 2, 1, 'E31181496'),
('E31181553', 'Ladina Putri Andityandari', '2', '81572781590', 15, 2, 1, 'E31181553'),
('E31181567', 'Avivah Nur Faiz Maghfiroh', '2', '81338306635', 15, 2, 1, 'E31181567'),
('E31181597', 'Mirani Ilmi Auria Debita', '2', '82337375567', 15, 2, 1, 'E31181597'),
('E31181676', 'Moh. Fikri Nurhalimi', '1', '87784425395', 15, 2, 1, 'E31181676'),
('E31181709', 'Mohammad Ali Romadoni', '1', '85745122574', 15, 2, 1, 'E31181709'),
('E31181794', 'Kukuh Santoso', '1', '89518837202', 15, 2, 1, 'E31181794'),
('E31181821', 'Siti Masrukha', '2', '85234118212', 15, 2, 1, 'E31181821'),
('E31181829', 'Renita Anggraini', '2', '89656971700', 15, 2, 1, 'E31181829'),
('E31181830', 'Dita Shafira Wahyudi', '2', ' 62 823 3535 72', 15, 2, 1, 'E31181830'),
('E31181861', 'Hildan Fahrizal Nur Faurizki', '1', '85204236683', 15, 2, 1, 'E31181861'),
('E31181864', 'Tiara Nurazizah', '2', '82231362546', 15, 2, 1, 'E31181864'),
('E31181885', 'Soviah Ayuniar Megafelani Putri', '2', '87851979463', 15, 2, 1, 'E31181885'),
('E31181929', 'Andaru Bagus Gandhy Nurwidigdo', '1', '83119920992', 15, 2, 1, 'E31181929'),
('E31181936', 'M.Dandi Kuswanto', '1', '82237363904', 15, 2, 1, 'E31181936'),
('E31181942', 'Dwi Fath Syahdi Akbar', '1', '85155249937', 15, 2, 1, 'E31181942'),
('E31181955', 'M. Pandu Gautama Wiranagara', '1', '81233779489', 15, 2, 1, 'E31181955'),
('E31181971', 'Salsabila Eksananda', '2', '89526034090', 15, 2, 1, 'E31181971'),
('E31181976', 'Thalia Trivirgiani Efellyn', '2', '82244203008', 15, 2, 1, 'E31181976'),
('E31181980', 'Melliyana Dwi Febriyanti', '2', '82234614245', 15, 2, 1, 'E31181980'),
('E31181991', 'Muhammad Alif Mahmut', '1', '82244431407', 15, 2, 1, 'E31181991'),
('E31182001', 'Muh. Naufal Aiman', '1', '82332951915', 15, 2, 1, 'E31182001'),
('E31182030', 'Misbahus Surur', '1', '89675607267', 15, 2, 1, 'E31182030'),
('E31182056', 'Mohammad Nazil Zainuddin', '1', '81234911270', 15, 2, 1, 'E31182056'),
('E31182077', 'Rivaldy Nur Idris', '1', '85260333599', 15, 2, 1, 'E31182077'),
('E31182101', 'Arfanio Liswanda Bahtiar', '1', '82244496150', 15, 2, 1, 'E31182101'),
('E31182109', 'Rizaldy Putra Anam Novriandi', '1', '???0823 3053245', 15, 2, 1, 'E31182109'),
('E31182133', 'Michel Meirisca Heniaty', '2', '8,96E+11', 15, 2, 1, 'E31182133'),
('E31182140', 'Dwi Bagus Krisdianto Wicaksono', '1', '85231309209', 15, 2, 1, 'E31182140'),
('E31182176', 'Josantha Marshel Valendra', '1', '85231140665', 15, 2, 1, 'E31182176'),
('E31182203', 'Rofi Berliana Mahanani', '2', '82333188226', 15, 2, 1, 'E31182203'),
('E31190134', 'Hasanatun Isroliyah', '2', '82264447871', 15, 3, 1, 'E31190134'),
('E31190155', 'Achmad Hudhori', '1', '6,28E+12', 15, 3, 1, 'E31190155'),
('E31190197', 'Fahira Salsabila', '2', '81774890795', 15, 3, 1, 'E31190197'),
('E31190199', 'M.Indy Adyib Faizy', '1', '81252482788', 15, 3, 1, 'E31190199'),
('E31190237', 'Muhammad Bagus Gunawan', '1', '81615293170', 15, 3, 1, 'E31190237'),
('E31190262', 'Jauza Ishma Chonita', '2', '85746118407', 15, 3, 1, 'E31190262'),
('E31190270', 'Makhmuda Nurul Khasana', '2', '81911095723', 15, 3, 1, 'E31190270'),
('E31190279', 'Aji Sampurno', '1', '0823-3405-9852', 15, 3, 1, 'E31190279'),
('E31190286', 'Prisca Dewi Anggita', '2', '81334264234', 15, 3, 1, 'E31190286'),
('E31190294', 'Cika Maudi Aniasti', '2', '85939380571', 15, 3, 1, 'E31190294'),
('E31190302', 'Raihana Ariba Nurlaili', '2', '82330722565', 15, 3, 1, 'E31190302'),
('E31190320', 'Sindi Fariha', '1', '82116314242', 15, 3, 1, 'E31190320'),
('E31190341', 'Amirotul Kotimah', '2', '83110073518', 15, 3, 1, 'E31190341'),
('E31190368', 'Mareta Gadis Sakinah Putri Dwi Wardani', '2', '82231169618', 15, 3, 1, 'E31190368'),
('E31190397', 'Nih Latulia Rohmah Tiyas', '2', '85808988871', 15, 3, 1, 'E31190397'),
('E31190406', 'Hafis Naqsyabandy', '1', '85942854500', 15, 3, 1, 'E31190406'),
('E31190408', 'Deo Akbar Purwanto', '1', '81246348851', 15, 3, 1, 'E31190408'),
('E31190415', 'Moh. Sariful Huda', '1', '81233332557', 15, 3, 1, 'E31190415'),
('E31190416', 'Elysha Fitriana Dewi', '2', '81336611093', 15, 3, 1, 'E31190416'),
('E31190425', 'Siti Anjani', '2', '8980479114', 15, 3, 1, 'E31190425'),
('E31190430', 'Putri Syafarinda', '2', '83852031280', 15, 3, 1, 'E31190430'),
('E31190445', 'Nurul Fatimah', '2', '89612827400', 15, 3, 1, 'E31190445'),
('E31190449', 'Naufal Sulthonul Aziz', '1', '81359645758', 15, 3, 1, 'E31190449'),
('E31190474', 'Adelia Arinda Cahyarani', '2', '81217357078', 15, 3, 1, 'E31190474'),
('E31190508', 'Alfan Abrar Arifin', '1', '82195966828', 15, 3, 1, 'E31190508'),
('E31190527', 'Novi Anisya Safitri', '2', '89666488197', 15, 3, 1, 'E31190527'),
('E31190529', 'Alvina Lola Elita Pratecia', '2', '85730746910', 15, 3, 1, 'E31190529'),
('E31190587', 'Aura Victory', '1', '81246059554', 15, 3, 1, 'E31190587'),
('E31190596', 'Risma Raudlatul Aulia', '1', '82335944558', 15, 3, 1, 'E31190596'),
('E31190631', 'Sovana Siswonugroho', '1', '81217882506', 15, 3, 1, 'E31190631'),
('E31190648', 'Faiz Muazzam', '1', '81912940523', 15, 3, 1, 'E31190648'),
('E31190654', 'Andy Akbar Muladi Sudrajat', '1', '85100771556', 15, 3, 1, 'E31190654'),
('E31190658', 'Rofina Aulia Noviati', '2', '82249422678', 15, 3, 1, 'E31190658'),
('E31190672', 'Elyas Agus Suhadak', '1', '82139891940', 15, 3, 1, 'E31190672'),
('E31190679', 'Ifadatul Hasana', '2', '8,96E+11', 15, 3, 1, 'E31190679'),
('E31190698', 'Salma Binar Abdul', '2', '85729214956', 15, 3, 1, 'E31190698'),
('E31190731', 'Ridho Riyadi Hartomo', '1', '8113781601', 15, 3, 1, 'E31190731'),
('E31190748', 'Kholizah Rifka Atul Aida', '2', '82232946538', 15, 3, 1, 'E31190748'),
('E31190782', 'Lina Risqi Aulia ', '2', '81358602413', 15, 3, 1, 'E31190782'),
('E31190785', 'Vivalvia Lisangti', '2', '8,95E+11', 15, 3, 1, 'E31190785'),
('E31190800', 'Della Nur Afifah', '2', '85258943793', 15, 3, 1, 'E31190800'),
('E31190801', 'Abil Fiaz Ibnu Romadoni', '1', ' 62857-0499-803', 15, 3, 1, 'E31190801'),
('E31190844', 'Elsa Auliya Rahma', '2', '82233795486', 15, 3, 1, 'E31190844'),
('E31190851', 'Danamukti Satrio Wibowo', '1', '8,95E+11', 15, 3, 1, 'E31190851'),
('E31190865', 'Rifda Zifikta', '2', '82337381864', 15, 3, 1, 'E31190865'),
('E31190883', 'Imam Khairul Zaini', '1', '89679550439', 15, 3, 1, 'E31190883'),
('E31190893', 'Dea Safitri', '2', '81.331.574.071', 15, 3, 1, 'E31190893'),
('E31190911', 'Min Alfi Nur Khoiriyah', '2', '85231195372', 15, 3, 1, 'E31190911'),
('E31190933', 'Dyan Abdul Ghofur', '1', '85258536184', 15, 3, 1, 'E31190933'),
('E31190939', 'Cantika Dewi Maharani', '2', '85967063576', 15, 3, 1, 'E31190939'),
('E31190957', 'Adya Zalfa Zahirah', '2', '83847714534', 15, 3, 1, 'E31190957'),
('E31190980', 'Moh. Zilhanim Hilma', '1', '82230281164', 15, 3, 1, 'E31190980'),
('E31190987', 'Ravita Agustiasari', '2', '82233754767', 15, 3, 1, 'E31190987'),
('E31190993', 'Ana Nur Rohmah', '2', '8563598865', 15, 3, 1, 'E31190993'),
('E31191006', 'Agus Ardiansyah', '1', '81216200145', 15, 3, 1, 'E31191006'),
('E31191116', 'Dandy Ersla Pratama', '1', '89687214410', 15, 3, 1, 'E31191116'),
('E31191120', 'Shindi Fatika Sari', '2', '85746179566', 15, 3, 1, 'E31191120'),
('E31191127', 'Aldino Hernawan', '1', '0812-1668-6750', 15, 3, 1, 'E31191127'),
('E31191159', 'Rochmatiningsih', '2', '85236953935', 15, 3, 1, 'E31191159'),
('E31191195', 'Novieka Mutiara Firdausiah', '2', '87865921196', 15, 3, 1, 'E31191195'),
('E31191201', 'Budi Rochman Setyawan', '1', '83845207825', 15, 3, 1, 'E31191201'),
('E31191228', 'Mochammad Rizki Pratama', '1', '82142003472', 15, 3, 1, 'E31191228'),
('E31191234', 'Lailatul Fitri Qodariah', '2', '82244973313', 15, 3, 1, 'E31191234'),
('E31191272', 'Desy Nur Alviah', '2', '81252604380', 15, 3, 1, 'E31191272'),
('E31191286', 'Rizky Bagas Juwono', '1', '89618449518', 15, 3, 1, 'E31191286'),
('E31191300', 'Iwang Pradipta Dinoto', '1', '81703992988', 15, 3, 1, 'E31191300'),
('E31191309', 'Ahmat Davit Ari Dani', '1', '81332107230', 15, 3, 1, 'E31191309'),
('E31191310', 'Nurul Amaliyah Firdaus', '2', '8977950049', 15, 3, 1, 'E31191310'),
('E31191334', 'Fiki Sankra Wijaya', '1', '82228056453', 15, 3, 1, 'E31191334'),
('E31191401', 'Ahmad Aji Naufal', '1', '82331183529', 15, 3, 1, 'E31191401'),
('E31191433', 'Muhammad Naufal Zuhdi', '1', '85337860853', 15, 3, 1, 'E31191433'),
('E31191434', 'Agna Rizky Putra Anggara', '1', '82143945678', 15, 3, 1, 'E31191434'),
('E31191441', 'Maulana Ismail', '1', '82141247403', 15, 3, 1, 'E31191441'),
('E31191447', 'Lois Yemima Sari', '2', '82142200662', 15, 3, 1, 'E31191447'),
('E31191460', 'Rizqiah Ayu Safitri Nasution', '1', '81331244898', 15, 3, 1, 'E31191460'),
('E31191496', 'Shely Sheema Sabria', '1', '87812972678', 15, 3, 1, 'E31191496'),
('E31191547', 'Selfi Sulistyo Ningsih', '2', '85850987201', 15, 3, 1, 'E31191547'),
('E31191551', 'Calvinda Risky Adiputra', '1', '82133465437', 15, 3, 1, 'E31191551'),
('E31191599', 'Alif Firmansyah', '1', '88228412152', 15, 3, 1, 'E31191599'),
('E31191621', 'Hendita Rahma Fernanda', '1', '81252065641', 15, 3, 1, 'E31191621'),
('E31191660', 'Ratih Cahyani Apriliya', '2', '85559570718', 15, 3, 1, 'E31191660'),
('E31191677', 'Henri Bambang Suratno', '1', '8,95E+11', 15, 3, 1, 'E31191677'),
('E31191708', 'Rio Aditya Damara', '1', '87860042121', 15, 3, 1, 'E31191708'),
('E31191709', 'Maulana Ersa Alfarisi', '1', '82143907186', 15, 3, 1, 'E31191709'),
('E31191783', 'Muhammad Hisyam Hendriawan', '1', '82132839721', 15, 3, 1, 'E31191783'),
('E31191792', 'Faniyatul Arifa Meiharista ', '2', '85233283106', 15, 3, 1, 'E31191792'),
('E31191793', 'Ahmad Buyung Hadi Santoso', '1', '8,81E+11', 15, 3, 1, 'E31191793'),
('E31191800', 'Asa Brilian Ananda', '1', '88803878843', 15, 3, 1, 'E31191800'),
('E31191821', 'Vita Ayu Indriani', '2', '85236392009', 15, 3, 1, 'E31191821'),
('E31191848', 'Vian Azis Tio Riwanto', '1', '81232722967', 15, 3, 1, 'E31191848'),
('E31191849', 'Silfi Gabrilia Choirun Nisa', '2', '8,95E+11', 15, 3, 1, 'E31191849'),
('E31191855', 'Selly Rizky Vannya', '2', '82140494361', 15, 3, 1, 'E31191855'),
('E31191879', 'Siti Nikmatus Solikah', '2', '85332821084', 15, 3, 1, 'E31191879'),
('E31191888', 'Dedi Kurniawan', '1', '8970640583', 15, 3, 1, 'E31191888'),
('E31191894', 'Ahmad Catur Yulianto', '1', '85608951053', 15, 3, 1, 'E31191894'),
('E31191919', 'Rizqa Alfiani', '2', '85711223974', 15, 3, 1, 'E31191919'),
('E31191982', 'Galuh Laksita Naraswari', '2', '85934605887', 15, 3, 1, 'E31191982'),
('E31192024', 'Riska Virliana M H', '2', '82335344634', 15, 3, 1, 'E31192024'),
('E31192029', 'Farhan Julystio', '1', '82264144712', 15, 3, 1, 'E31192029'),
('E31192033', 'Intan Kusumaning Tribuana', '2', '81249820044', 15, 3, 1, 'E31192033'),
('E31192043', 'M. Tahajudin Arrofi', '1', '81225451965', 15, 3, 1, 'E31192043'),
('E31192060', 'Edo Kristian Yusak', '1', '81231363898', 15, 3, 1, 'E31192060'),
('E31192079', 'Aldo Diva Saputra', '1', '85755273964', 15, 3, 1, 'E31192079'),
('E31192081', 'Ronellya Cahya Mega S.P', '2', '85233077658', 15, 3, 1, 'E31192081'),
('E31192116', 'Anisha Rosela ', '2', '81802903522', 15, 3, 1, 'E31192116'),
('E31192117', 'Aulia Dinin Putri Alifiah', '2', '81259227489', 15, 3, 1, 'E31192117'),
('E31192120', 'Elvina Damayanti', '2', '89675651437', 15, 3, 1, 'E31192120'),
('E31192123', 'Bagus Setiawan', '1', '83122063231', 15, 3, 1, 'E31192123'),
('E31192134', 'Fii Ahsan Qauly', '1', '82244624596', 15, 3, 1, 'E31192134'),
('E31192159', 'Nezarra Selvia Riesmawardani', '2', '82233685281', 15, 3, 1, 'E31192159'),
('E31192166', 'Safira Khoirunnisa', '2', '82282730307', 15, 3, 1, 'E31192166'),
('E31192175', 'Ahmad Nur Fahri', '1', '85316970851', 15, 3, 1, 'E31192175'),
('E31192202', 'Yulia Bagas Sri Dastiya', '2', '85259745108', 15, 3, 1, 'E31192202'),
('E31192213', 'Mahendra Wisnu Murthy', '1', '81249315996', 15, 3, 1, 'E31192213'),
('E31192214', 'Martharissa Dwi Ayu Safitri', '2', '85745523141', 15, 3, 1, 'E31192214'),
('E31192254', 'Sendy Iven Yulian', '1', '8986399673', 15, 3, 1, 'E31192254'),
('E31192259', 'Prabaswara Noval Rubian Nagata', '1', '82230535038', 15, 3, 1, 'E31192259'),
('E31192281', 'Syaiful Ihsan', '1', '89636547600', 15, 3, 1, 'E31192281'),
('E31192285', 'Hamdy Wahid', '1', '81936234002', 15, 3, 1, 'E31192285'),
('E31192286', 'Melinda Fitriyani', '2', '82264069118', 15, 3, 1, 'E31192286'),
('E31192292', 'Dandy Akbar Firmansyah', '1', '85336261459', 15, 3, 1, 'E31192292'),
('E31192293', 'Cherly Chrysdiana Putri', '2', '85259296550', 15, 3, 1, 'E31192293'),
('E31192304', 'Gracia Andhita Praisedayanti Bhatara', '2', '85815313203', 15, 3, 1, 'E31192304'),
('E31192311', 'Akmal Fauzi Ramadhana', '1', '82232100702', 15, 3, 1, 'E31192311'),
('E31192328', 'Dimas Ardiana Widodo', '1', '89626752752', 15, 3, 1, 'E31192328'),
('E31192347', 'Bagus Prakoso Jayatri', '1', '82197666214', 15, 3, 1, 'E31192347'),
('E31192353', 'Hanif Pranata', '1', '82292506786', 15, 3, 1, 'E31192353'),
('E31192372', 'Muhammad Luqman Fajar Yulianto', '1', '85155158016', 15, 3, 1, 'E31192372'),
('E31192382', 'Ainur Karina Abi Rahmadiyan', '2', '81234073648', 15, 3, 1, 'E31192382'),
('E31192391', 'Erwanda Lubis Andien Firmansyah', '1', '82336013803', 15, 3, 1, 'E31192391'),
('E31192407', 'Ryan Dary Fawwaz', '1', '82245684603', 15, 3, 1, 'E31192407'),
('E31192409', 'Dicky Gunawan', '1', '85812167237', 15, 3, 1, 'E31192409'),
('E31192463', 'Hermawan Yoga Pradana', '1', '82140835653', 15, 3, 1, 'E31192463'),
('E31192472', 'Dave  Ramadhan Wibisana', '1', '82193014995', 15, 3, 1, 'E31192472'),
('E32170053', 'Bagas Reza Ramadhan', '1', '81335014369', 16, 1, 1, 'E32170053'),
('E32170060', 'Moch Arif Fahmiansyah', '1', '85731686159', 16, 1, 1, 'E32170060'),
('E32170063', 'Ilham Maulana', '1', '89612748052', 16, 1, 1, 'E32170063'),
('E32170064', 'Dimas Fariz Nabalah', '1', '87759538595', 16, 1, 1, 'E32170064'),
('E32170102', 'Nael El Berry', '1', '85232785099', 16, 1, 1, 'E32170102'),
('E32170143', 'Hasan Tholabi', '1', '83853783101', 16, 1, 1, 'E32170143'),
('E32170145', 'Muhammad Alam', '1', '85259895491', 16, 1, 1, 'E32170145'),
('E32170185', 'Moh.Shohibul Muslim', '1', '8563538541', 16, 1, 1, 'E32170185'),
('E32170197', 'Wahyu Rizky Yuliansyah', '1', '85336555303', 16, 1, 1, 'E32170197'),
('E32170220', 'Muhammad Agung Ramadhon Fibi Labil Huda', '1', '81259114512', 16, 1, 1, 'E32170220'),
('E32170232', 'Abdul Wahed Riskiyanto', '1', '85330277528', 16, 1, 1, 'E32170232'),
('E32170243', 'Mario Perdana', '1', '81259918391', 16, 1, 1, 'E32170243'),
('E32170261', 'Muhammad Kholil', '1', '85233630523', 16, 1, 1, 'E32170261'),
('E32170268', 'Adelia Elin Wulandari', '2', '85895289232', 16, 1, 1, 'E32170268'),
('E32170269', 'Rizal Maulida Rimbawanto', '1', '82333799272', 16, 1, 1, 'E32170269'),
('E32170278', 'Arcellino Ifano Dekstya', '1', '85608514231', 16, 1, 1, 'E32170278'),
('E32170295', 'M Ofa Setiawan', '1', '81515856283', 16, 1, 1, 'E32170295'),
('E32170305', 'Ahmad Ridoillah', '1', '82228051419', 16, 1, 1, 'E32170305'),
('E32170308', 'Rofiussalam', '1', '82334655157', 16, 1, 1, 'E32170308'),
('E32170310', 'Shibghatul Ghayah', '1', '81553037311', 16, 1, 1, 'E32170310'),
('E32170322', 'Azhari Muhammad Musthofa Akhyar', '1', '8,95E+11', 16, 1, 1, 'E32170322'),
('E32170342', 'Cynthia Mulianing Astuti', '1', '89655247702', 16, 1, 1, 'E32170342'),
('E32170343', 'Candra Arum Dwi Anggraini', '2', '82331538003', 16, 1, 1, 'E32170343'),
('E32170345', 'Muhammad Rizky Maulana', '1', '82143910951', 16, 1, 1, 'E32170345'),
('E32170347', 'Kukuh Faiza Tama', '1', '89501995725', 16, 1, 1, 'E32170347'),
('E32170349', 'Rizal Wahyu Utama', '1', '81249776239', 16, 1, 1, 'E32170349'),
('E32170373', 'Dimas Agung Setyobudi', '1', '81334105643', 16, 1, 1, 'E32170373'),
('E32170399', 'Ferian Ariscandra', '1', '85337903891', 16, 1, 1, 'E32170399'),
('E32170414', 'Andini Dewantari', '2', '82335935505', 16, 1, 1, 'E32170414'),
('E32170415', 'Mohammad Abdul Halim', '1', '85215664238', 16, 1, 1, 'E32170415'),
('E32170416', 'Rizqiah Dwi Agustin', '2', '85646796624', 16, 1, 1, 'E32170416'),
('E32170423', 'Fariz Hasbi Amrullah', '1', '82244993569', 16, 1, 1, 'E32170423'),
('E32170443', 'Ilham Ferdian Rudianata', '1', '85233638858', 16, 1, 1, 'E32170443'),
('E32170459', 'Rifki Yunus', '1', '85704826026', 16, 1, 1, 'E32170459'),
('E32170511', 'Okta Rian Wijaya', '1', '81332229789', 16, 1, 1, 'E32170511'),
('E32170526', 'Chandra Dwi Julio', '1', '89612828090', 16, 1, 1, 'E32170526'),
('E32170545', 'Arief Dharmawan Singgih', '1', '81336736148', 16, 1, 1, 'E32170545'),
('E32170564', 'M Ibnu Wildan', '1', '89654173040', 16, 1, 1, 'E32170564'),
('E32170601', 'Lailatul Qomariyah', '2', '85646051580', 16, 1, 1, 'E32170601'),
('E32170614', 'Veronika Fatmaliana Dewi', '1', '82234641354', 16, 1, 1, 'E32170614'),
('E32170636', 'Evita Rizky Maharani', '2', '85733857307', 16, 1, 1, 'E32170636'),
('E32170645', 'Dimas Wandi Pratama Putra', '1', '83122093710', 16, 1, 1, 'E32170645'),
('E32170662', 'Alfan Triwanto', '1', '82315743030', 16, 1, 1, 'E32170662'),
('E32170672', 'Barton Dwinanda Silo', '1', '83847795786', 16, 1, 1, 'E32170672'),
('E32170683', 'Irma Sari', '1', '87776526969', 16, 1, 1, 'E32170683'),
('E32170696', 'Achmad Ali Faishol', '1', '82313113139', 16, 1, 1, 'E32170696'),
('E32170707', 'Ndaru Samboja', '1', '85321516025', 16, 1, 1, 'E32170707'),
('E32170720', 'Sisca Nurmala', '2', '85854100426', 16, 1, 1, 'E32170720'),
('E32170733', 'Grefma Aurelya Orizanty', '2', '85816296845', 16, 1, 1, 'E32170733'),
('E32170745', 'Sarah Desi Ristiana Sumantri', '2', '8999435997', 16, 1, 1, 'E32170745'),
('E32170779', 'Muhammad Thoriq Fakhruddin', '1', '85967197440', 16, 1, 1, 'E32170779'),
('E32170780', 'Muhammad Akbar Tejanuar', '1', '82244758717', 16, 1, 1, 'E32170780'),
('E32170791', 'Agus Hari Suprayogi', '1', '83847038473', 16, 1, 1, 'E32170791'),
('E32170824', 'Moh. Muzammil Al Farizi', '1', '83122170769', 16, 1, 1, 'E32170824'),
('E32170825', 'Shafira Novianti', '2', '85236391718', 16, 1, 1, 'E32170825'),
('E32170839', 'Alex Wahyu Purnomo', '1', '82232832991', 16, 1, 1, 'E32170839'),
('E32170842', 'Muknizah Aziziah', '2', '81382363719', 16, 1, 1, 'E32170842'),
('E32170845', 'Ardi Iqbal Saksono', '1', '81324323112', 16, 1, 1, 'E32170845'),
('E32170852', 'Bima Ramadhani', '1', '82247973144', 16, 1, 1, 'E32170852'),
('E32170860', 'Rizqi Tri Junianto', '1', '81333788810', 16, 1, 1, 'E32170860'),
('E32170867', 'Satria Wahabi', '1', '82228550435', 16, 1, 1, 'E32170867'),
('E32170924', 'Geovanni Masyhur Billah', '1', '81937364641', 16, 1, 1, 'E32170924'),
('E32170930', 'Maftuh Bahrul Ilmi', '1', '85333859450', 16, 1, 1, 'E32170930'),
('E32170931', 'Ita Nurjanah', '2', '82399350325', 16, 1, 1, 'E32170931'),
('E32170960', 'Zanuba Dwi Amalia', '2', '85245570248', 16, 1, 1, 'E32170960'),
('E32171008', 'Parlinggoman D.F. Simanjuntak', '1', '82161134100', 16, 1, 1, 'E32171008'),
('E32171009', 'Hanugrah Hutomo Hmss', '1', '85954728937', 16, 1, 1, 'E32171009'),
('E32171057', 'Dyah Faiqotul Himmah', '2', '82139539557', 16, 1, 1, 'E32171057'),
('E32171078', 'Sandi Dwikurniawan', '1', '85337860416', 16, 1, 1, 'E32171078'),
('E32171090', 'Pupung Oktavian', '1', '81286350906', 16, 1, 1, 'E32171090'),
('E32171095', 'Muhammad Faishal Fatkhurrozi', '1', '81234899468', 16, 1, 1, 'E32171095'),
('E32171162', 'Vicky Setya Pradana', '1', '85336518282', 16, 1, 1, 'E32171162'),
('E32171180', 'Tegar Saka Utama ', '1', '85156506583', 16, 1, 1, 'E32171180'),
('E32171187', 'Fatthur Rosyid', '1', '6,28E+12', 16, 1, 1, 'E32171187'),
('E32171204', 'Ainul Jazilah', '2', '85604527877', 16, 1, 1, 'E32171204'),
('E32171207', 'Fat\'Han Utomo', '1', '85294270359', 16, 1, 1, 'E32171207'),
('E32171214', 'Moh. Hasan Al Muqorrobin', '1', '82336462555', 16, 1, 1, 'E32171214'),
('E32171216', 'Muhammad Irfan Hasyim', '1', '83847924960', 16, 1, 1, 'E32171216'),
('E32171242', 'Achmad Geovani Setyawan', '1', '85103813241', 16, 1, 1, 'E32171242'),
('E32171245', 'Saka Widya Tama', '1', '85809980556', 16, 1, 1, 'E32171245'),
('E32171284', 'Agil Fatoni', '1', '85101832025', 16, 1, 1, 'E32171284'),
('E32171304', 'Robert Rohman', '1', '82332922673', 16, 1, 1, 'E32171304'),
('E32171315', 'Muhammad Nurkholis Ardiansyah', '1', '8,96E+11', 16, 1, 1, 'E32171315'),
('E32171340', 'Iqbal Habibi Riansyah', '1', '82245166644', 16, 1, 1, 'E32171340'),
('E32171341', 'M. Nofa Fika Afthon', '1', '8816003055', 16, 1, 1, 'E32171341'),
('E32171357', 'Ahmad Hasyim Asy Ary', '1', '85816656834', 16, 1, 1, 'E32171357'),
('E32171403', 'Abdul Ganes Efendi', '1', '87712557792', 16, 1, 1, 'E32171403'),
('E32171425', 'Prasetya Hady Kurniawan Putra', '1', '81252765332', 16, 1, 1, 'E32171425'),
('E32171479', 'Maulana Rafael Irianto', '1', '8,95E+11', 16, 1, 1, 'E32171479'),
('E32171491', 'Bagus Dwi Jati Sasongko', '1', '82233869013', 16, 1, 1, 'E32171491'),
('E32171518', 'Agil Hasan Makki', '1', '8986895200', 16, 1, 1, 'E32171518'),
('E32171519', 'Ahmad Alfian', '1', '83847671784', 16, 1, 1, 'E32171519'),
('E32171551', 'Mohammad Vaisal Avivi', '1', '87755903696', 16, 1, 1, 'E32171551'),
('E32171555', 'Wahyu Pranata', '1', '85105715559', 16, 1, 1, 'E32171555'),
('E32171572', 'Siti Nur Halimah', '2', '82337439458', 16, 1, 1, 'E32171572'),
('E32171573', 'Rezafikran Madani', '1', '89520121327', 16, 1, 1, 'E32171573'),
('E32171597', 'Nadia Nofi Rahmawati', '2', '81217795479', 16, 1, 1, 'E32171597'),
('E32171603', 'Santika Putri Puspasari', '2', '82172325866', 16, 1, 1, 'E32171603'),
('E32171611', 'M Irfan Fauzi', '1', '81237222596', 16, 1, 1, 'E32171611'),
('E32171637', 'Rifki Abdi Kurniawan', '1', '81556548288', 16, 1, 1, 'E32171637'),
('E32171675', 'Muhammad Mashfukh', '1', '85748436003', 16, 1, 1, 'E32171675'),
('E32171705', 'Afdul Anwar Adani', '1', '82299420279', 16, 1, 1, 'E32171705'),
('E32171706', 'Muchammad Nasichul Umam', '1', '85746564529', 16, 1, 1, 'E32171706'),
('E32171750', 'Prima Kurnia Sandi', '1', '81264840804', 16, 1, 1, 'E32171750'),
('E32171776', 'Dwiki Mita Yani', '2', '85213154283', 16, 1, 1, 'E32171776'),
('E32171802', 'Muhammad Alfin Fahrisal Akbar', '1', '82334892864', 16, 1, 1, 'E32171802'),
('E32171827', 'Afrizal Aldiansyah Putra ', '1', '82230033925', 16, 1, 1, 'E32171827'),
('E32171832', 'Harits Thufail Ramadhan', '1', '85258152555', 16, 1, 1, 'E32171832'),
('E32171862', 'Shanty Putri Pertiwi', '2', '81233238235', 16, 1, 1, 'E32171862'),
('E32171865', 'Stevanny Riski Pangestuty', '2', '82392949514', 16, 1, 1, 'E32171865'),
('E32171900', 'Mahardika Muhammad', '1', '82234096290', 16, 1, 1, 'E32171900'),
('E32171922', 'Sulton Maulana Abbas', '1', '82230337090', 16, 1, 1, 'E32171922'),
('E32171933', 'Amrizal Syaifullah Huda Apriyanto', '1', '6,28E+12', 16, 1, 1, 'E32171933'),
('E32171974', 'Ahmat Nafik', '1', '85230476019', 16, 1, 1, 'E32171974'),
('E32171997', 'Hilmi Azizi', '1', '89699612574', 16, 1, 1, 'E32171997'),
('E32172025', 'Ach Syamsudi Purwanto', '1', '81334739909', 16, 1, 1, 'E32172025'),
('E32172058', 'Lisa Indica', '2', '82132322131', 16, 1, 1, 'E32172058'),
('E32172059', 'Rahman Arif Mulyanto', '1', '83163009629', 16, 1, 1, 'E32172059'),
('E32172063', 'Yazid Aly', '1', '81331153159', 16, 1, 1, 'E32172063'),
('E32172066', 'Moch. Khisbul Wafi', '1', '85210632051', 16, 1, 1, 'E32172066'),
('E32172107', 'Fifi Apriliatul Jannah', '2', '85236310669', 16, 1, 1, 'E32172107'),
('E32172113', 'Luki Damarizki', '1', '8989906671', 16, 1, 1, 'E32172113'),
('E32172121', 'Achmad Faizal Razaq', '1', '85655095101', 16, 1, 1, 'E32172121'),
('E32172125', 'Galang Rizqi Samudra', '1', '81217799773', 16, 1, 1, 'E32172125'),
('E32172142', 'Gigih Maulana Putra', '1', '81336611998', 16, 1, 1, 'E32172142'),
('E32172172', 'Alif Wira Hastomo', '1', '89653703113', 16, 1, 1, 'E32172172'),
('E32172212', 'Cahyo Giri Dhahono', '1', '83847621565', 16, 1, 1, 'E32172212'),
('E32172259', 'Giniki Yigibalom', '1', '81245235290', 16, 1, 1, 'E32172259'),
('E32172263', 'Yoke Sepnia Rumbaibab', '2', '81330450272', 16, 1, 1, 'E32172263'),
('E32173', 'Zidny Dea Fatimah Aprillia Ali', '2', '85338352941', 16, 1, 1, 'E32173'),
('E32180067', 'Khalid Fikri Mustanir', '1', '81233877381', 16, 2, 1, 'E32180067'),
('E32180069', 'Muhammad Rizqi Priyansyah', '1', '85607835944', 16, 2, 1, 'E32180069'),
('E32180158', 'Ogi Dwi Antoro', '1', '83853593422', 16, 2, 1, 'E32180158'),
('E32180197', 'Wahyuningsih', '2', '85258885953', 16, 2, 1, 'E32180197'),
('E32180198', 'Engga Bagus Riyanto', '1', '89609480692', 16, 2, 1, 'E32180198'),
('E32180203', 'Valina Cornel Riswanda', '2', '83850333270', 16, 2, 1, 'E32180203'),
('E32180204', 'Mochamad Abhyasa Pranaja', '1', '85331013559', 16, 2, 1, 'E32180204'),
('E32180205', 'Daud Araga Ababil', '1', '82334883036', 16, 2, 1, 'E32180205'),
('E32180210', 'Fikri Haikal', '1', '81358005424', 16, 2, 1, 'E32180210'),
('E32180231', 'Raudatur Rizky Elok Barlian', '2', '87810298315', 16, 2, 1, 'E32180231'),
('E32180234', 'Reza Firjatullah Rahman ', '1', '81232142493', 16, 2, 1, 'E32180234'),
('E32180249', 'Jefri Ali Asyari', '1', '82301895868', 16, 2, 1, 'E32180249'),
('E32180251', 'Miftahul Huda', '1', '81333366924', 16, 2, 1, 'E32180251'),
('E32180259', 'Yusron Widad Syarfan', '1', '85853450375', 16, 2, 1, 'E32180259'),
('E32180263', 'Dava Kusuma Ardana', '1', '82333996915', 16, 2, 1, 'E32180263'),
('E32180272', 'Hofidatul Afiyah', '1', '82230287297', 16, 2, 1, 'E32180272'),
('E32180275', 'Moh.Hairul Arifin', '1', '82322263006', 16, 2, 1, 'E32180275'),
('E32180279', 'Nova Ayu Lestari', '2', '82248071565', 16, 2, 1, 'E32180279'),
('E32180282', 'Tutik Erdiana', '2', '85231648147', 16, 2, 1, 'E32180282'),
('E32180283', 'Holid Ibnu Hajar', '1', '82302303945', 16, 2, 1, 'E32180283'),
('E32180288', 'Muhammad Nur Fajri', '1', '89652477757', 16, 2, 1, 'E32180288'),
('E32180292', 'Zidqi Yosa Dinata', '1', '81553122271', 16, 2, 1, 'E32180292'),
('E32180323', 'Ghalib Gianarkan Bustin', '1', '82264062226', 16, 2, 1, 'E32180323'),
('E32180381', 'Muhammad Rafi', '1', '85230753705', 16, 2, 1, 'E32180381'),
('E32180459', 'Rifqie Bagus Firmansyah', '1', '83853968432', 16, 2, 1, 'E32180459'),
('E32180470', 'Achmad Mauludi Fathony', '1', '82143350466', 16, 2, 1, 'E32180470'),
('E32180498', 'Tarisa Windi Sumono Putri', '2', '82257706460', 16, 2, 1, 'E32180498'),
('E32180522', 'Endixsa Yahya Ainurrachman', '1', '81554578508', 16, 2, 1, 'E32180522'),
('E32180529', 'Muhammad Nasrul Fattah', '1', '82232178803', 16, 2, 1, 'E32180529'),
('E32180554', 'Akhmad Farizi', '1', '85204556555', 16, 2, 1, 'E32180554'),
('E32180585', 'Billal Daifullah Yahya A.G', '1', '81390267737', 16, 2, 1, 'E32180585'),
('E32180648', 'Fajar Putra Utama', '1', '83833776334', 16, 2, 1, 'E32180648'),
('E32180649', 'Dewi Magreza Alfionita', '2', '85784148648', 16, 2, 1, 'E32180649'),
('E32180653', 'Shofiah Nur Mazida', '2', '83117142174', 16, 2, 1, 'E32180653'),
('E32180674', 'Alfi Syahrian Firmansah', '1', '89683199407', 16, 2, 1, 'E32180674'),
('E32180687', 'Farhan Irzyam Ari Guntara', '1', '89682924438', 16, 2, 1, 'E32180687'),
('E32180713', 'Dimas Adji Firmana', '1', '89682476824', 16, 2, 1, 'E32180713'),
('E32180754', 'Nur Ardiansyah', '1', '87864659148', 16, 2, 1, 'E32180754'),
('E32180760', 'Robiul Adawi', '1', '81336792416', 16, 2, 1, 'E32180760'),
('E32180800', 'Andi Nurfansyah', '1', '85330474635', 16, 2, 1, 'E32180800'),
('E32180814', 'Untung Basuki', '1', '83134792035', 16, 2, 1, 'E32180814'),
('E32180817', 'Baghas Alexandria Lintang P.', '1', '85704630077', 16, 2, 1, 'E32180817'),
('E32180830', 'Sri Nurhidayati Bariqoh', '2', '81999954556', 16, 2, 1, 'E32180830'),
('E32180842', 'Nurul Qomariyah', '2', '85234806456', 16, 2, 1, 'E32180842'),
('E32180847', 'R. Gustav Alvian Nagano', '1', '83830727804', 16, 2, 1, 'E32180847'),
('E32180894', 'Bondan Yuwono Putra', '1', '81216936283', 16, 2, 1, 'E32180894'),
('E32180896', 'Dhofirul Haddi', '1', '89516225546', 16, 2, 1, 'E32180896'),
('E32180897', 'Rifqi Abrori', '1', '82335855537', 16, 2, 1, 'E32180897'),
('E32180903', 'Mochammad Dava Pramudya Ananta', '1', '85646100921', 16, 2, 1, 'E32180903'),
('E32180906', 'Iffat Althof Hanifah', '2', '85606508438', 16, 2, 1, 'E32180906'),
('E32180980', 'Fadhilla Bagas Herdhianto', '1', '85791588910', 16, 2, 1, 'E32180980'),
('E32180995', 'Resa Anugerah Saputra', '1', '82331570768', 16, 2, 1, 'E32180995'),
('E32181021', 'Moh. Yogi Fernanda', '1', '8,21E+11', 16, 2, 1, 'E32181021'),
('E32181035', 'Achmad Gleger Bagus Prasetyo', '1', '81342951521', 16, 2, 1, 'E32181035'),
('E32181062', 'Wahyu Romadhianto', '1', '87882208006', 16, 2, 1, 'E32181062'),
('E32181064', 'Maulana Agung Kurniawan', '1', '82234878716', 16, 2, 1, 'E32181064'),
('E32181066', 'Novanto Azizul Hakim', '1', '085853115114 / ', 16, 2, 1, 'E32181066'),
('E32181093', 'Septika Hirzhayanti', '2', '85236265889', 16, 2, 1, 'E32181093'),
('E32181095', 'Helen Uni Dewi Samima', '2', '83834669931', 16, 2, 1, 'E32181095'),
('E32181123', 'Ridho Ajisaputro', '1', '8980804291', 16, 2, 1, 'E32181123'),
('E32181133', 'Aisyah Sasyadilah', '2', '85708348348', 16, 2, 1, 'E32181133'),
('E32181159', 'Vandi Akhmad Royan', '1', '82339016643', 16, 2, 1, 'E32181159'),
('E32181184', 'Faisal Ihsan Khairullah', '1', '81216304563', 16, 2, 1, 'E32181184'),
('E32181202', 'Diana Febriyanti', '1', '85608973994', 16, 2, 1, 'E32181202'),
('E32181237', 'Agung Tri Leksono', '1', '81334067171', 16, 2, 1, 'E32181237'),
('E32181238', 'Frendy Yaso Maydalan', '1', '81216721640', 16, 2, 1, 'E32181238'),
('E32181267', 'Dody Wahyu Pratama', '1', '81775030974', 16, 2, 1, 'E32181267'),
('E32181345', 'Ade Rizky Cipta Pratama', '1', '81217569533', 16, 2, 1, 'E32181345'),
('E32181375', 'Alief Pasha Ibrahim', '1', '82234620398', 16, 2, 1, 'E32181375'),
('E32181380', 'Andika Gunaputra', '1', '82139278990', 16, 2, 1, 'E32181380'),
('E32181381', 'Baharudin Hasan', '1', '82323581364', 16, 2, 1, 'E32181381'),
('E32181417', 'Fahmi Quraisy Abdillah', '1', '85748317003', 16, 2, 1, 'E32181417'),
('E32181419', 'Roby Bayu Trisno Ananda', '1', '81999432624', 16, 2, 1, 'E32181419'),
('E32181421', 'Sahrul Sihabudin', '1', '85335468594', 16, 2, 1, 'E32181421'),
('E32181424', 'Ade Putra Perdana', '1', '89661575601', 16, 2, 1, 'E32181424'),
('E32181448', 'Frido Arjuna Putra', '1', '85203813711', 16, 2, 1, 'E32181448'),
('E32181449', 'Mochammad Alif Ramadhani', '1', '8982077492', 16, 2, 1, 'E32181449'),
('E32181466', 'Denta Firdaus Fatoni Maulana', '1', '82140490155', 16, 2, 1, 'E32181466'),
('E32181470', 'Krisna Bayu Anggoro', '1', '83847650508', 16, 2, 1, 'E32181470'),
('E32181476', 'M. Dzikri Hisyam Ilyasa', '1', '85230739279', 16, 2, 1, 'E32181476'),
('E32181539', 'Dani Adimanggolo Suryoningprang Sukarni Putro', '1', '81333767381', 16, 2, 1, 'E32181539'),
('E32181586', 'Harfi Kurnia Hadiputra', '1', '85975159149', 16, 2, 1, 'E32181586'),
('E32181600', 'Muhammad Sholehuddin', '1', '85233571509', 16, 2, 1, 'E32181600'),
('E32181610', 'Sahril Sabirin', '1', '85322851779', 16, 2, 1, 'E32181610'),
('E32181623', 'Afrig Jaya Lubis', '1', '82257184022', 16, 2, 1, 'E32181623'),
('E32181637', 'Muhammad Aditya Martono', '1', '82138596019', 16, 2, 1, 'E32181637');
INSERT INTO `tm_mahasiswa` (`NIM`, `nama_mhs`, `jenis_kelamin`, `telp`, `id_prodi`, `id_angkatan`, `id_level`, `password`) VALUES
('E32181642', 'Moch Haris Hermansyah', '1', '85895808039', 16, 2, 1, 'E32181642'),
('E32181653', 'Firdaus Andy Muhammad', '1', '82233905206', 16, 2, 1, 'E32181653'),
('E32181659', 'Muhammad Wildan Ilham Mubaroq', '1', '82330753026', 16, 2, 1, 'E32181659'),
('E32181667', 'Robert Muhajir', '1', '85232646023', 16, 2, 1, 'E32181667'),
('E32181708', 'Aprillio Dovan Ariesa', '1', '85820397745', 16, 2, 1, 'E32181708'),
('E32181719', 'Julian Andriansyah', '1', '85812724289', 16, 2, 1, 'E32181719'),
('E32181742', 'Mochamad Fio Baitul Huda', '1', '82232801682', 16, 2, 1, 'E32181742'),
('E32181761', 'Muhammad Haidar Ramadhani', '1', '0877-5380-9661', 16, 2, 1, 'E32181761'),
('E32181772', 'Moh. Nur Ahsan', '1', '82336679049', 16, 2, 1, 'E32181772'),
('E32181778', 'Muhammad Assegaf', '1', '85748820994', 16, 2, 1, 'E32181778'),
('E32181801', 'Rey Dico Perwina Amada N', '1', '82233887955', 16, 2, 1, 'E32181801'),
('E32181811', 'Erina Sudrajad', '2', '85755066601', 16, 2, 1, 'E32181811'),
('E32181814', 'Satya Rivangga', '1', '89698625300', 16, 2, 1, 'E32181814'),
('E32181826', 'Yunda Chonita', '2', '82138332483', 16, 2, 1, 'E32181826'),
('E32181862', 'Bhirawa Anoraga', '1', '81615418928', 16, 2, 1, 'E32181862'),
('E32181873', 'Moh Gufron Azizi', '1', '87754519467', 16, 2, 1, 'E32181873'),
('E32181916', 'Angga Maulana Firman', '1', '83847134493', 16, 2, 1, 'E32181916'),
('E32181923', 'Muhammad Wahyu Kurniawan', '1', '89681007044', 16, 2, 1, 'E32181923'),
('E32181926', 'Ramang Fregi Rizaldi', '1', '82336373663', 16, 2, 1, 'E32181926'),
('E32181934', 'Fabio Qadafi Sugesti', '1', '85259100249', 16, 2, 1, 'E32181934'),
('E32181940', 'Ilham Akbar Joviansyah Putra', '1', '81252704083', 16, 2, 1, 'E32181940'),
('E32181959', 'Fernanda Teresia Venturin', '2', '85745614878', 16, 2, 1, 'E32181959'),
('E32181970', 'Faizhal Maulana Iqbal', '1', '82234690500', 16, 2, 1, 'E32181970'),
('E32181989', 'M. Ghifari Ilham Akbar', '1', '8,81E+11', 16, 2, 1, 'E32181989'),
('E32181993', 'Malik Abdul Aziz', '1', '85939382075', 16, 2, 1, 'E32181993'),
('E32182011', 'Khaidar Zulkarnaen Firdaus', '1', '82330232471', 16, 2, 1, 'E32182011'),
('E32182013', 'Abdanial Praditya', '1', '87873132014', 16, 2, 1, 'E32182013'),
('E32182061', 'Ozsa Dewangga Pradana', '1', '8996710855', 16, 2, 1, 'E32182061'),
('E32182147', 'Alif Muhammad Yardan Kurnia', '1', '83846440334', 16, 2, 1, 'E32182147'),
('E32182153', 'Arshi Wisnu Wardhana', '1', '81237744673', 16, 2, 1, 'E32182153'),
('E32182182', 'Septinus Yanes Samberbori', '1', '81232094024', 16, 2, 1, 'E32182182'),
('E32182183', 'Erince Helen Kobak', '1', '81333215833', 16, 2, 1, 'E32182183'),
('E32182194', 'Shofyan Astsauri', '1', '81227145851', 16, 2, 1, 'E32182194'),
('E32182281', 'Rosita B. Kasipdana', '1', '85314500184', 16, 2, 1, 'E32182281'),
('E32182287', 'Yaret M.', '1', '85330331840', 16, 2, 1, 'E32182287'),
('E32182292', 'Raizzal Ahmad Weikiansyah', '1', '81234599646', 16, 2, 1, 'E32182292'),
('E32190138', 'Tinche Nabilah Shalawati Her', '2', '87865947055', 16, 3, 1, 'E32190138'),
('E32190188', 'Puja Dwi Lestari', '2', '85230525193', 16, 3, 1, 'E32190188'),
('E32190190', 'Muhammad Tri Pandu Wiguna', '1', '83847100694', 16, 3, 1, 'E32190190'),
('E32190192', 'Diki Taufik Gurohman', '1', '89601994967', 16, 3, 1, 'E32190192'),
('E32190194', 'Muhammad Tafani Akbar', '1', '85226273895', 16, 3, 1, 'E32190194'),
('E32190198', 'Novitasari Kumaladewi', '2', '85733079686', 16, 3, 1, 'E32190198'),
('E32190208', 'Moh Khafil Albab', '1', '85258767880', 16, 3, 1, 'E32190208'),
('E32190231', 'Rega Novi Sukmawati', '2', '87860095471', 16, 3, 1, 'E32190231'),
('E32190245', 'Bagus Hermawan', '1', '81326056251', 16, 3, 1, 'E32190245'),
('E32190253', 'Abdul Ajis', '1', '87713318669', 16, 3, 1, 'E32190253'),
('E32190274', 'Rizky Adiwiyanto', '1', '8,96E+11', 16, 3, 1, 'E32190274'),
('E32190285', 'Muhammad Adi Purwanto', '1', '83847831371', 16, 3, 1, 'E32190285'),
('E32190304', 'Ivan Fadilla Ramadhan', '1', '82242447373', 16, 3, 1, 'E32190304'),
('E32190313', 'Ivanda Orif Firniawan', '1', '82331146476', 16, 3, 1, 'E32190313'),
('E32190381', 'Fidji Sofi Norhaji', '1', '8997378517', 16, 3, 1, 'E32190381'),
('E32190382', 'Djodi Hermansyah', '1', '85233777991', 16, 3, 1, 'E32190382'),
('E32190383', 'Galang Pahala', '1', '81333701197', 16, 3, 1, 'E32190383'),
('E32190387', 'Muhammad Rizky Alifian Sarodi', '1', '85708558306', 16, 3, 1, 'E32190387'),
('E32190390', 'Muhamad Taufik', '1', '81326613897', 16, 3, 1, 'E32190390'),
('E32190405', 'Muhammad Robithul Islam', '1', '89655460752', 16, 3, 1, 'E32190405'),
('E32190435', 'Dhimas Adi Sucipto', '1', '85608969377', 16, 3, 1, 'E32190435'),
('E32190462', 'Asyraf Hanif Hidayatullah', '1', '85236997407', 16, 3, 1, 'E32190462'),
('E32190485', 'Nanda Gita Rizki', '2', '8,95E+11', 16, 3, 1, 'E32190485'),
('E32190486', 'Fahmi Aditia', '1', '83833230652', 16, 3, 1, 'E32190486'),
('E32190494', 'Yusuf Fikri Mustanir', '1', '81259721452', 16, 3, 1, 'E32190494'),
('E32190521', 'Muhammad Ghossan Alkafi', '1', '81249869024', 16, 3, 1, 'E32190521'),
('E32190523', 'Muhammad Dwi Prayoga', '1', '82244436341', 16, 3, 1, 'E32190523'),
('E32190541', 'Kevin Yudhistira Mahendra', '1', '82131500527', 16, 3, 1, 'E32190541'),
('E32190600', 'Ichal Wira Sukmana', '1', '85853722837', 16, 3, 1, 'E32190600'),
('E32190617', 'Achmad Irfanasrudin', '1', '81358053181', 16, 3, 1, 'E32190617'),
('E32190626', 'Cheivan Yundy Alvarizky', '1', '85964287011', 16, 3, 1, 'E32190626'),
('E32190628', 'Alfin Rahman Bimantoro', '1', '81252554992', 16, 3, 1, 'E32190628'),
('E32190640', 'Firdan Ali Azzami', '1', '82331070026', 16, 3, 1, 'E32190640'),
('E32190694', 'Eka Febriansah', '1', '82147639955', 16, 3, 1, 'E32190694'),
('E32190696', 'Dafa Farhan Aldisa', '1', '81249449584', 16, 3, 1, 'E32190696'),
('E32190704', 'Moh Faisal Noer Choliq', '1', '81230691302', 16, 3, 1, 'E32190704'),
('E32190738', 'Robi Susanto', '1', '82132881602', 16, 3, 1, 'E32190738'),
('E32190768', 'Dhimas Pramudita', '1', '83848878965', 16, 3, 1, 'E32190768'),
('E32190792', 'Putri Andriani', '2', '8,95E+11', 16, 3, 1, 'E32190792'),
('E32190794', 'Andy Kris Perdawan', '1', '81249749052', 16, 3, 1, 'E32190794'),
('E32190795', 'Mohammad Fairuz Shobri', '1', '85130355229', 16, 3, 1, 'E32190795'),
('E32190799', 'Andromedha Islami Rosni', '1', '83856272701', 16, 3, 1, 'E32190799'),
('E32190807', 'Rifki Purwa Prayoga', '1', '81911882983', 16, 3, 1, 'E32190807'),
('E32190831', 'Krisna Al Faruqi', '1', '87860597833', 16, 3, 1, 'E32190831'),
('E32190836', 'Guliaditya Putra Pratama', '1', '81335655515', 16, 3, 1, 'E32190836'),
('E32190841', 'Risalah Fitroh Aulia', '2', '82231316422', 16, 3, 1, 'E32190841'),
('E32190848', 'Ferdiantoro Rizki Suryawan', '1', '82264840033', 16, 3, 1, 'E32190848'),
('E32190856', 'Anas Radjab', '1', '89694042955', 16, 3, 1, 'E32190856'),
('E32190863', 'Del Piero Surya Sabana', '1', '81807183235', 16, 3, 1, 'E32190863'),
('E32190876', 'Aldiyansah Wardhana Sutikno', '1', '82230499808', 16, 3, 1, 'E32190876'),
('E32190880', 'Hendrawan Daniswara', '1', '8883634058', 16, 3, 1, 'E32190880'),
('E32190886', 'Rahul Kurniawan', '1', '82230974176', 16, 3, 1, 'E32190886'),
('E32190887', 'Amirul Faisal', '1', '82141928729', 16, 3, 1, 'E32190887'),
('E32190926', 'Mohammad Akbar Himawan Sasatyoadi', '1', '82114259390', 16, 3, 1, 'E32190926'),
('E32190958', 'Rizqi Alanuari', '1', '89678737548', 16, 3, 1, 'E32190958'),
('E32190968', 'Moh. Ego Putra Wahyudi', '1', '82142475070', 16, 3, 1, 'E32190968'),
('E32190997', 'Moch. Fariz Ardhabili', '1', '8,96E+11', 16, 3, 1, 'E32190997'),
('E32190998', 'Rama Maulana', '1', '85232448008', 16, 3, 1, 'E32190998'),
('E32191017', 'Ezha Sekar Kedaton', '2', '8,95E+11', 16, 3, 1, 'E32191017'),
('E32191065', 'Ega Alifya Firnando', '1', '85731272016', 16, 3, 1, 'E32191065'),
('E32191086', 'Mei Siti Munawaroh', '2', '81326390515', 16, 3, 1, 'E32191086'),
('E32191141', 'Winda Sitinjak', '1', '6,28E+12', 16, 3, 1, 'E32191141'),
('E32191177', 'Dewi Martiningsih', '2', '81717323204', 16, 3, 1, 'E32191177'),
('E32191189', 'Gallung Oktavian Pratama Putra', '1', '82142370877', 16, 3, 1, 'E32191189'),
('E32191196', 'Rangga Yodha', '1', '85280415566', 16, 3, 1, 'E32191196'),
('E32191197', 'Saiful Bahri', '1', '85231855492', 16, 3, 1, 'E32191197'),
('E32191199', 'Rivai Nur Rohman', '1', '82250136009', 16, 3, 1, 'E32191199'),
('E32191235', 'Pringgo Kunto Adi', '1', '82237816220', 16, 3, 1, 'E32191235'),
('E32191236', 'Daffa Putra Jaya Permana', '1', '85334664082', 16, 3, 1, 'E32191236'),
('E32191247', 'Ageng Wijaya', '1', '8980342135', 16, 3, 1, 'E32191247'),
('E32191277', 'Wildan Afandi', '1', '81332676479', 16, 3, 1, 'E32191277'),
('E32191283', 'Rizka Ananda Hendriyati', '2', '82335509476', 16, 3, 1, 'E32191283'),
('E32191352', 'Muhammad Zainur Roziqin', '1', '82345672372', 16, 3, 1, 'E32191352'),
('E32191371', 'Galih Ikhbal Bagaskara', '1', '89681686651', 16, 3, 1, 'E32191371'),
('E32191396', 'Moch. Alvin Faisal', '1', '81238801716', 16, 3, 1, 'E32191396'),
('E32191430', 'Rahadyan Sony Lukyto', '1', '85232211201', 16, 3, 1, 'E32191430'),
('E32191436', 'Satrio Ras Swasta Catur Wuragil', '1', '87850054693', 16, 3, 1, 'E32191436'),
('E32191442', 'Muhammad Hafizhuddin', '1', '8,95E+11', 16, 3, 1, 'E32191442'),
('E32191475', 'Mei Tata Wisma Putri', '2', '89613019219', 16, 3, 1, 'E32191475'),
('E32191483', 'Ridlowan Eka Nur Cahya', '1', '8883534389', 16, 3, 1, 'E32191483'),
('E32191493', 'Syabriant Bagus Yanuar', '1', '81332078762', 16, 3, 1, 'E32191493'),
('E32191539', 'Muhammad Asyroful Umam', '1', '81367674484', 16, 3, 1, 'E32191539'),
('E32191544', 'Rahmat Ali Wibowo', '1', '81293433649', 16, 3, 1, 'E32191544'),
('E32191546', 'Surya Permana Putra', '1', '81212176580', 16, 3, 1, 'E32191546'),
('E32191564', 'Dimas Seeko', '1', '83847161019', 16, 3, 1, 'E32191564'),
('E32191582', 'Ariq Teaku Nurur Azmi', '1', '8,95E+11', 16, 3, 1, 'E32191582'),
('E32191605', 'Moh. Akbar Maulana Farizie', '1', '89687036284', 16, 3, 1, 'E32191605'),
('E32191619', 'Moh Alfin Nur Maulida Rahman', '1', '85335506273', 16, 3, 1, 'E32191619'),
('E32191654', 'Rama Editya Pradana', '1', '89618537862', 16, 3, 1, 'E32191654'),
('E32191672', 'Muhammad Fadollah', '1', '85963083669', 16, 3, 1, 'E32191672'),
('E32191684', 'Ziar Ahriz Rizkiya', '1', '85853159529', 16, 3, 1, 'E32191684'),
('E32191688', 'Achmad Rofiqul Amien', '1', '82142076377', 16, 3, 1, 'E32191688'),
('E32191689', 'Almaas Lutfi Santoso', '1', '82331490799', 16, 3, 1, 'E32191689'),
('E32191748', 'Alyya Gendhis', '2', '82351438177', 16, 3, 1, 'E32191748'),
('E32191764', 'Gideon Elsis Putra', '1', '82244164', 16, 3, 1, 'E32191764'),
('E32191801', 'Muhammad Dirda Yoan Prasojo', '1', '8,95E+11', 16, 3, 1, 'E32191801'),
('E32191804', 'Veni Kurnia Dewi', '2', '85858648975', 16, 3, 1, 'E32191804'),
('E32191840', 'Wahyu Musthofa', '1', '82234050957', 16, 3, 1, 'E32191840'),
('E32191881', 'Muhammad Rizal Cahya Pramana', '1', '85236359680', 16, 3, 1, 'E32191881'),
('E32191892', 'Yovan Lutfi Widyanto', '1', '82140769323', 16, 3, 1, 'E32191892'),
('E32191906', 'Ferdian Octa Rachmat Firmansah', '1', '85100723331', 16, 3, 1, 'E32191906'),
('E32191938', 'Sofi Rahma Cahyati', '2', '82245283729', 16, 3, 1, 'E32191938'),
('E32191942', 'Tezar Fikri Arifin', '1', '82231232066', 16, 3, 1, 'E32191942'),
('E32191970', 'Pandu Pratama Huda', '1', '85231617844', 16, 3, 1, 'E32191970'),
('E32191987', 'Rendy Irawan', '1', '89699696241', 16, 3, 1, 'E32191987'),
('E32192015', 'Priambodo Prihadi Putra', '1', '82131131335', 16, 3, 1, 'E32192015'),
('E32192030', 'Ardi Candra', '1', '8,96E+11', 16, 3, 1, 'E32192030'),
('E32192036', 'Andiko Riski Samputra', '1', '85258988964', 16, 3, 1, 'E32192036'),
('E32192050', 'Dandy Fajar Anjasmara', '1', '85804136461', 16, 3, 1, 'E32192050'),
('E32192061', 'Durotul Fadila', '2', '81555992663', 16, 3, 1, 'E32192061'),
('E32192073', 'Muhammad Sandy Irwanto', '1', '85791414158', 16, 3, 1, 'E32192073'),
('E32192076', 'Wildania Berliana Ayuning Hozan', '2', '8,95E+11', 16, 3, 1, 'E32192076'),
('E32192124', 'Pradipta Gigih Prasetyo', '1', '82234913716', 16, 3, 1, 'E32192124'),
('E32192184', 'Hafidzi Kautsar Farhanu', '1', '85314668859', 16, 3, 1, 'E32192184'),
('E32192231', 'Aunur Sabil Dary Setiawan', '1', '82230555350', 16, 3, 1, 'E32192231'),
('E32192232', 'Aminullah Rizky Romadhon', '1', '82244871044', 16, 3, 1, 'E32192232'),
('E32192265', 'Mohamad Sodikin', '1', '85232945746', 16, 3, 1, 'E32192265'),
('E32192273', 'Ahmad Fauzanul Fitrian', '1', '87765143768', 16, 3, 1, 'E32192273'),
('E32192309', 'Ahmad Dimar Anarta ', '1', '81939429844', 16, 3, 1, 'E32192309'),
('E32192368', 'Lutfiah Pramasely Astiani', '2', '85108040608', 16, 3, 1, 'E32192368'),
('E32192390', 'Duta Dharma Aparajita', '1', '82231245185', 16, 3, 1, 'E32192390'),
('E32192468', 'Alfons Nb Mote', '1', '82146910808', 16, 3, 1, 'E32192468'),
('E32192485', 'Alfan Anas Muhlisin', '1', '89612608060', 16, 3, 1, 'E32192485'),
('E32193', 'Dimas Aldi Prakoso', '1', '85702302385', 16, 3, 1, 'E32193'),
('E41170047', 'Firdila', '2', '85816292321', 17, 1, 1, 'E41170047'),
('E41170048', 'M. Jusnawi Gunawan', '1', '81258201157', 17, 1, 1, 'E41170048'),
('E41170052', 'E.Muhammad Fachriansyah Bahri', '1', '8973363590', 17, 1, 1, 'E41170052'),
('E41170061', 'Elsa Manora Ramadania', '2', '85233775028', 17, 1, 1, 'E41170061'),
('E41170084', 'Berliana Rohmah Aminin', '2', '85800262738', 17, 1, 1, 'E41170084'),
('E41170090', 'Ari Baskara', '1', '82232830392', 17, 1, 1, 'E41170090'),
('E41170129', 'Deny Hardiansya Putra', '1', '83853429698', 17, 1, 1, 'E41170129'),
('E41170131', 'Indri Nur Hamida', '2', '83847297715', 17, 1, 1, 'E41170131'),
('E41170140', 'Naufal Ainur Rizal', '1', '82177274470', 17, 1, 1, 'E41170140'),
('E41170153', 'Nuril Feby Maulidyah', '2', '8568915553', 17, 1, 1, 'E41170153'),
('E41170164', 'Rizkika Zakka Palindungan', '1', '81249138367', 17, 1, 1, 'E41170164'),
('E41170165', 'Sofrina Mumayyizah', '2', '83853705785', 17, 1, 1, 'E41170165'),
('E41170190', 'Winda Kurniawati', '2', '85806797013', 17, 1, 1, 'E41170190'),
('E41170203', 'Kahfinda Mulya Utama Putra', '1', '83847282005', 17, 1, 1, 'E41170203'),
('E41170204', 'Dani Ardiyansyah', '1', '81556565453', 17, 1, 1, 'E41170204'),
('E41170238', 'Arsyad Arthan Nurrohim', '1', '82247623501', 17, 1, 1, 'E41170238'),
('E41170241', 'Inant Kharisma', '1', '82334879916', 17, 1, 1, 'E41170241'),
('E41170244', 'David Setya Ainur Hakiki Ramadhan', '1', '87862139734', 17, 1, 1, 'E41170244'),
('E41170252', 'Salman Al Farisi', '1', '82337977543', 17, 1, 1, 'E41170252'),
('E41170255', 'Putri Dewi Barata', '2', '82234953854', 17, 1, 1, 'E41170255'),
('E41170266', 'Ali Rahmatullah', '1', '85606444978', 17, 1, 1, 'E41170266'),
('E41170291', 'Ali Wajhah', '1', '6,28E+12', 17, 1, 1, 'E41170291'),
('E41170333', 'Cicilia Selvy Erianthy', '2', '85755646040', 17, 1, 1, 'E41170333'),
('E41170352', 'Meta Gadiecha Wachyudi', '2', '82244444856', 17, 1, 1, 'E41170352'),
('E41170391', 'Rakhmat Fadilah', '1', '85931164325', 17, 1, 1, 'E41170391'),
('E41170436', 'Muhammad Fathan Ridlo', '1', '81216938489', 17, 1, 1, 'E41170436'),
('E41170438', 'Mohamad Rizal Ramli', '1', '82234641698', 17, 1, 1, 'E41170438'),
('E41170442', 'Dimas Yudha Pratama', '1', '82321190490', 17, 1, 1, 'E41170442'),
('E41170449', 'Wahidah Addini', '2', '82318062531', 17, 1, 1, 'E41170449'),
('E41170466', 'Laili Nur Hanifah', '2', '85655517593', 17, 1, 1, 'E41170466'),
('E41170538', 'Rizky Maulida', '2', '85607498613', 17, 1, 1, 'E41170538'),
('E41170551', 'Anang Noor Listyono', '1', '82232641704', 17, 1, 1, 'E41170551'),
('E41170562', 'Krisopras Epikuros', '1', '87850053486', 17, 1, 1, 'E41170562'),
('E41170615', 'Raditya Fajar Maulana', '1', '82264778005', 17, 1, 1, 'E41170615'),
('E41170629', 'Yanuar Anugrah Ramadhani', '1', '8999439385', 17, 1, 1, 'E41170629'),
('E41170633', 'M. Toriq Alfarizi Imansyah', '1', '89633150084', 17, 1, 1, 'E41170633'),
('E41170670', 'Muhammad Bagus Seputro', '1', '85732188855', 17, 1, 1, 'E41170670'),
('E41170676', 'Anggi Trikusuma Dewi', '1', '82266508164', 17, 1, 1, 'E41170676'),
('E41170686', 'Alex Rudi Herlambang', '1', '83142729076', 17, 1, 1, 'E41170686'),
('E41170735', 'Destino Dewantara Pratama', '1', '89683184615', 17, 1, 1, 'E41170735'),
('E41170740', 'Abdilana Mohtalia Saputra', '1', '87757702731', 17, 1, 1, 'E41170740'),
('E41170753', 'Dheni Teguh Pramono', '1', '82264587998', 17, 1, 1, 'E41170753'),
('E41170754', 'Aldy Noverianto Pratama', '1', '8,96E+11', 17, 1, 1, 'E41170754'),
('E41170757', 'Hafidz Imanda Jzanuareri', '1', '85735867348', 17, 1, 1, 'E41170757'),
('E41170809', 'Kurnia Mutiara Septi', '2', '85102108410', 17, 1, 1, 'E41170809'),
('E41170827', 'Ahmad Munir', '1', '82316285715', 17, 1, 1, 'E41170827'),
('E41170853', 'Firmansyah Wahyu Maulana', '1', '89636644972', 17, 1, 1, 'E41170853'),
('E41170873', 'Achsanul Khizam', '1', '82229738638', 17, 1, 1, 'E41170873'),
('E41170885', 'Rangga Triana Putra', '1', '81234848765', 17, 1, 1, 'E41170885'),
('E41170896', 'Syavina Octavia Parahita', '2', '8981154441', 17, 1, 1, 'E41170896'),
('E41170897', 'Ridi Yoga Pratama', '1', '85704633683', 17, 1, 1, 'E41170897'),
('E41170909', 'Ade Setiawan', '1', '82230888261', 17, 1, 1, 'E41170909'),
('E41170913', 'Yusuf Andi Nugroho', '1', '82245630061', 17, 1, 1, 'E41170913'),
('E41170916', 'Muhammad Khoiriri', '1', '81336969506', 17, 1, 1, 'E41170916'),
('E41170975', 'Henokh Indra Kristianto', '1', '82234275732', 17, 1, 1, 'E41170975'),
('E41170987', 'Novia Nurul Qomaril', '2', '8974348263', 17, 1, 1, 'E41170987'),
('E41171014', 'Youwanto Refo Dewa Wahana', '1', '8155518092', 17, 1, 1, 'E41171014'),
('E41171015', 'Yusril Fahmi Al Faizi', '1', '85839152974', 17, 1, 1, 'E41171015'),
('E41171041', 'Makhi Hakim Hakiki', '1', '85330333293', 17, 1, 1, 'E41171041'),
('E41171075', 'Moh Syafrian Abie', '1', '82332502683', 17, 1, 1, 'E41171075'),
('E41171092', 'Galang Putra Fendriansyah', '1', '82230237843', 17, 1, 1, 'E41171092'),
('E41171093', 'Firlana Priyadna Putri', '2', '81239523423', 17, 1, 1, 'E41171093'),
('E41171101', 'Mochammad Rozy Andrean Syah', '1', '82334635960', 17, 1, 1, 'E41171101'),
('E41171104', 'Maulana Malik Ibrahim', '1', '82264054784', 17, 1, 1, 'E41171104'),
('E41171111', 'Muhammad Irfan Shidqi Laksono', '1', '85330630656', 17, 1, 1, 'E41171111'),
('E41171116', 'Farich Ichsan', '1', '89620450340', 17, 1, 1, 'E41171116'),
('E41171118', 'Fernando Farista Ahmad', '1', '82338010548', 17, 1, 1, 'E41171118'),
('E41171120', 'Muhammad Arief Rachman Muttaqien', '1', '82334035530', 17, 1, 1, 'E41171120'),
('E41171128', 'Romi Septian Wahyu Ilahi', '1', '0822-3759-7622', 17, 1, 1, 'E41171128'),
('E41171142', 'Kevin Harlis Oktaviano', '1', '82218623341', 17, 1, 1, 'E41171142'),
('E41171164', 'Adi Lukito', '1', '85231807262', 17, 1, 1, 'E41171164'),
('E41171169', 'Fedy Rahmatullah', '1', '81335211768', 17, 1, 1, 'E41171169'),
('E41171171', 'Atho\' Fajarianto', '1', '85234479944', 17, 1, 1, 'E41171171'),
('E41171192', 'Zulfian Hilman Firdausyi', '1', '81230286807', 17, 1, 1, 'E41171192'),
('E41171209', 'Muharom Riza Aprilianto', '1', '81357983167', 17, 1, 1, 'E41171209'),
('E41171252', 'Niko Wahyu Fitrianto', '1', '8,95E+11', 17, 1, 1, 'E41171252'),
('E41171254', 'Moch.Aliffi Akbar', '1', '82232909503', 17, 1, 1, 'E41171254'),
('E41171276', 'Dwi Kurniadini', '2', '82233505961', 17, 1, 1, 'E41171276'),
('E41171279', 'Ilham Wahyu Saputra', '1', '8978659418', 17, 1, 1, 'E41171279'),
('E41171309', 'Al Busran', '1', '85331962729', 17, 1, 1, 'E41171309'),
('E41171319', 'Alfani Zidni Hidayah', '1', '81234624524', 17, 1, 1, 'E41171319'),
('E41171328', 'Yanuar Ridwan Hisyam', '1', '81227579300', 17, 1, 1, 'E41171328'),
('E41171339', 'Ratna Pratiwi', '2', '89696593641', 17, 1, 1, 'E41171339'),
('E41171351', 'Ainun Nurkharima Noviana', '2', '8990372698', 17, 1, 1, 'E41171351'),
('E41171365', 'Moh Khairul Anwar', '1', '82334694112', 17, 1, 1, 'E41171365'),
('E41171369', 'Maulana Hasbi', '1', '88235850938', 17, 1, 1, 'E41171369'),
('E41171373', 'Ahmad Musayin', '1', '82229052099', 17, 1, 1, 'E41171373'),
('E41171452', 'Ady Bagus Sugih Susanto', '1', '82232567731', 17, 1, 1, 'E41171452'),
('E41171478', 'Raya Akbar Jaya', '1', '88231046854', 17, 1, 1, 'E41171478'),
('E41171485', 'Jibriel Lazuardi Raja', '1', '81231217427', 17, 1, 1, 'E41171485'),
('E41171508', 'Willian Refky Firmansyah', '1', '82233390268', 17, 1, 1, 'E41171508'),
('E41171510', 'Erlina Dwi Nahdzifah', '2', '81336597234', 17, 1, 1, 'E41171510'),
('E41171541', 'M. Avicenna Maula', '1', '82264686567', 17, 1, 1, 'E41171541'),
('E41171569', 'Riska Aprilia', '2', '8,96E+11', 17, 1, 1, 'E41171569'),
('E41171583', 'Ahmad Fakih Hasbullah', '1', '08989796926/ 08', 17, 1, 1, 'E41171583'),
('E41171600', 'Lafic Imarega Dwiputra', '1', '82233884629', 17, 1, 1, 'E41171600'),
('E41171605', 'Muhammad Andys Saputra', '1', '88231203167', 17, 1, 1, 'E41171605'),
('E41171613', 'Galih Bagus Prakasa', '1', '83847023896', 17, 1, 1, 'E41171613'),
('E41171634', 'Adib Muffadhdhol Fiandra Hurianto Putra', '1', '8,96E+11', 17, 1, 1, 'E41171634'),
('E41171660', 'Refi Tri Hidayatullah', '1', '8976414289', 17, 1, 1, 'E41171660'),
('E41171664', 'Ramadhan Ibnu Umam', '1', '85746113588', 17, 1, 1, 'E41171664'),
('E41171666', 'Nauval Permana Putra', '1', '82245335832', 17, 1, 1, 'E41171666'),
('E41171667', 'Nazahul Ihza Ramadhani', '1', '8973466811', 17, 1, 1, 'E41171667'),
('E41171691', 'Susilawati', '2', '82337184529', 17, 1, 1, 'E41171691'),
('E41171725', 'Khosnol Khotimatul Arifah', '2', '85336125313', 17, 1, 1, 'E41171725'),
('E41171736', 'Ricky Nourman Alfaried', '1', '6,29E+12', 17, 1, 1, 'E41171736'),
('E41171738', 'Fatchur Rahman', '1', '85235554439', 17, 1, 1, 'E41171738'),
('E41171740', 'M Sonny Aditama ', '1', '89689543069', 17, 1, 1, 'E41171740'),
('E41171742', 'Ridwan Hananto Aji Arifin', '1', '81232115085', 17, 1, 1, 'E41171742'),
('E41171746', 'Muhammad Fatihal', '1', '89668276107', 17, 1, 1, 'E41171746'),
('E41171749', 'Ali Mansur', '1', '85955146304', 17, 1, 1, 'E41171749'),
('E41171753', 'Rikky Ihza Pratama', '1', '82264513840', 17, 1, 1, 'E41171753'),
('E41171754', 'David Bristi Antara', '1', '82330428412', 17, 1, 1, 'E41171754'),
('E41171762', 'Moh Fani Fadilah', '1', '89673495248', 17, 1, 1, 'E41171762'),
('E41171763', 'Tabhrany Odi Asmoro', '1', '85336338687', 17, 1, 1, 'E41171763'),
('E41171769', 'Farhan Rizal Hidayat', '1', '82335329559', 17, 1, 1, 'E41171769'),
('E41171785', 'Yadribullah Hul Amtsal', '1', '8,95E+11', 17, 1, 1, 'E41171785'),
('E41171829', 'Mega Silvia', '2', '8976350128', 17, 1, 1, 'E41171829'),
('E41171843', 'Okta Rohmatun Nisa\'', '2', '8,95E+11', 17, 1, 1, 'E41171843'),
('E41171861', 'Ayu Firda Amalia ', '2', '85730593830', 17, 1, 1, 'E41171861'),
('E41171874', 'Yusuf Tri Wibowo', '1', '85812991726', 17, 1, 1, 'E41171874'),
('E41171890', 'Mohammad Debby Karomi', '1', '82247852827', 17, 1, 1, 'E41171890'),
('E41171892', 'Akbar Maulana Tryas K', '1', '81230364141', 17, 1, 1, 'E41171892'),
('E41171896', 'Adi Cahya Wiratmaya', '1', '82231421914', 17, 1, 1, 'E41171896'),
('E41171905', 'Indra Febriyanti', '2', '83846477100', 17, 1, 1, 'E41171905'),
('E41171956', 'Dana Bhakti Surya Pratiwi', '2', '85655551643', 17, 1, 1, 'E41171956'),
('E41171958', 'Rega Ahmad Ilhamudin Al Kaffah', '1', '8994277718', 17, 1, 1, 'E41171958'),
('E41171959', 'Kia Dzaky Eriyoko', '1', '8970605445', 17, 1, 1, 'E41171959'),
('E41171969', 'Arif Rahman Hakim', '1', '89648285363', 17, 1, 1, 'E41171969'),
('E41171994', 'Sasqia Dwi Arta Novia', '2', '81231380538', 17, 1, 1, 'E41171994'),
('E41172008', 'Arif Adi Kurniawan', '1', '89661042721', 17, 1, 1, 'E41172008'),
('E41172031', 'Aditya Ramadhan Riskiyanto', '1', '83122146571', 17, 1, 1, 'E41172031'),
('E41172054', 'Taufikur Rahman', '1', '81216142451', 17, 1, 1, 'E41172054'),
('E41172060', 'Roki Prasetyo Adi', '1', '89608560667', 17, 1, 1, 'E41172060'),
('E41172069', 'Akhlaq Khan', '1', '82337344525', 17, 1, 1, 'E41172069'),
('E41172074', 'Imron Rosadi', '1', '82233518672', 17, 1, 1, 'E41172074'),
('E41172079', 'Sandistya Diski Aprilian', '1', '89601671100', 17, 1, 1, 'E41172079'),
('E41172092', 'Moch. Zainur Rofan Fannani', '1', '85236325682', 17, 1, 1, 'E41172092'),
('E41172094', 'Ferdian Nada', '1', '85155225665', 17, 1, 1, 'E41172094'),
('E41172104', 'Gilang Rahmadhan', '1', '81234811291', 17, 1, 1, 'E41172104'),
('E41172111', 'Rizmawan Widi Wiranata', '1', '82140776564', 17, 1, 1, 'E41172111'),
('E41172117', 'Dwi Putra Ghazian Adli', '1', '85645783786', 17, 1, 1, 'E41172117'),
('E41172126', 'Morgan Ardianto', '1', '85330434053', 17, 1, 1, 'E41172126'),
('E41172128', 'Tri Ambarwati', '2', '85314570842', 17, 1, 1, 'E41172128'),
('E41172150', 'Novando Agung Syahputra', '1', '87852459366', 17, 1, 1, 'E41172150'),
('E41172152', 'Muhammad Hadana Sabilal Muttaqin', '1', '81259384500', 17, 1, 1, 'E41172152'),
('E41172160', 'Nofita Safira Anggraini', '2', '85791519061', 17, 1, 1, 'E41172160'),
('E41172164', 'Khansa Izza Alif', '2', '82230718863', 17, 1, 1, 'E41172164'),
('E41172165', 'Mochammad Lembar Adjie Bramantya', '1', '82257030004', 17, 1, 1, 'E41172165'),
('E41172176', 'Ilham Bahtiar', '1', '83830471228', 17, 1, 1, 'E41172176'),
('E41172209', 'Alfarezha Diaz Mahendra', '1', '81809435027', 17, 1, 1, 'E41172209'),
('E41172219', 'Moh Wafiq Fakhri Ali', '1', '8999436076', 17, 1, 1, 'E41172219'),
('E41172228', 'Muhammad Alvian Zidny', '1', '81333696843', 17, 1, 1, 'E41172228'),
('E41180097', 'Octavian Yudha Mahendra', '1', '81252989930', 17, 2, 1, 'E41180097'),
('E41180100', 'Achmad Syadidul Fahim', '1', '85215822336', 17, 2, 1, 'E41180100'),
('E41180105', 'Dimas Wahyu Pratama', '1', '82337407247', 17, 2, 1, 'E41180105'),
('E41180111', 'Ryan Hartadi', '1', '81359652164', 17, 2, 1, 'E41180111'),
('E41180123', 'Ady Nugraha Putra Ramadhan', '1', '85249677218', 17, 2, 1, 'E41180123'),
('E41180124', 'Titik Rosanti', '1', '82143787310', 17, 2, 1, 'E41180124'),
('E41180127', 'Muhammad Fistan Salsa Bila', '1', '81383006015', 17, 2, 1, 'E41180127'),
('E41180137', 'Vidian Taurus Sandi', '1', '82257303303', 17, 2, 1, 'E41180137'),
('E41180163', 'Nafis Hibatullah Lestamanta', '1', '8,95E+11', 17, 2, 1, 'E41180163'),
('E41180167', 'Muhammad Nizarudin', '1', '82131674395', 17, 2, 1, 'E41180167'),
('E41180169', 'Mochamad Nurullah', '1', '85648399296', 17, 2, 1, 'E41180169'),
('E41180183', 'Cicilia Shelin Novitasari Sonny Emor', '2', '82229429681', 17, 2, 1, 'E41180183'),
('E41180211', 'Maulidya Priswanti', '2', '8,95E+11', 17, 2, 1, 'E41180211'),
('E41180226', 'Dicky Irqi Zulkarnaen', '1', '82312408105', 17, 2, 1, 'E41180226'),
('E41180229', 'Meilinnia Fortuna Astri', '2', '83847783641', 17, 2, 1, 'E41180229'),
('E41180274', 'Hendry Dwi Nurmansyah Idris', '1', '85155173339', 17, 2, 1, 'E41180274'),
('E41180315', 'Rafdi Wildan Arisyi ', '1', '81230406652', 17, 2, 1, 'E41180315'),
('E41180316', 'Syifa\'Urrosydah At-Thohiroh', '2', '85231811176', 17, 2, 1, 'E41180316'),
('E41180318', 'Karina Oktaviani Agustin', '2', '85851113382', 17, 2, 1, 'E41180318'),
('E41180325', 'Denny Eko Satrijo', '1', '85706965182', 17, 2, 1, 'E41180325'),
('E41180359', 'Gulam Mubarik Ahmad', '1', '81334045509', 17, 2, 1, 'E41180359'),
('E41180360', 'Dheni Satrio Prayogo', '1', '81233706484', 17, 2, 1, 'E41180360'),
('E41180362', 'Andrea Santana Adzani', '1', '85257423236', 17, 2, 1, 'E41180362'),
('E41180368', 'M. Fairys Firdaus', '1', '85608210502', 17, 2, 1, 'E41180368'),
('E41180374', 'M. Al Ghazali Si', '1', '8,95E+11', 17, 2, 1, 'E41180374'),
('E41180377', 'Moh. Saidul Musthofa', '1', '85335490201', 17, 2, 1, 'E41180377'),
('E41180382', 'Ridho Dwi Ramadhan', '1', '81554400881', 17, 2, 1, 'E41180382'),
('E41180417', 'Agung Wahyu Gunawan', '1', '85816908859', 17, 2, 1, 'E41180417'),
('E41180433', 'Reivica Anindita Ritomiea Imany', '2', '8970565148', 17, 2, 1, 'E41180433'),
('E41180434', 'Ratna Dwi Kristina Sari', '2', '85784105400', 17, 2, 1, 'E41180434'),
('E41180443', 'Raden Dhimas Bagus Surya Wicaksono', '1', '85235686539', 17, 2, 1, 'E41180443'),
('E41180445', 'Andrean Three Saputra', '1', '89696491481', 17, 2, 1, 'E41180445'),
('E41180449', 'Refandra Bramandika Miftahul Akhyar', '1', '85259293174', 17, 2, 1, 'E41180449'),
('E41180454', 'Muhammad Viqih Zamzami', '1', '82234407629', 17, 2, 1, 'E41180454'),
('E41180458', 'Dimas Fajrul Falah', '1', '88217942531', 17, 2, 1, 'E41180458'),
('E41180463', 'Shandy Maulana Yudantiar', '1', '85895567966', 17, 2, 1, 'E41180463'),
('E41180466', 'Nevarida Sindyka Diliana Putri', '2', '82264349332', 17, 2, 1, 'E41180466'),
('E41180507', 'Mochamad Ludfi Rahman', '1', '82331759738', 17, 2, 1, 'E41180507'),
('E41180523', 'Vanika Ningrum', '2', '85859095670', 17, 2, 1, 'E41180523'),
('E41180538', 'Rendra Adji Prayudi', '1', '81330564452', 17, 2, 1, 'E41180538'),
('E41180567', 'Ihya Reza Mufti', '1', '85204855759', 17, 2, 1, 'E41180567'),
('E41180617', 'Gabriela Caroline Runturambi', '2', '81330213257', 17, 2, 1, 'E41180617'),
('E41180632', 'Frengki Elistanto', '1', '85607936840', 17, 2, 1, 'E41180632'),
('E41180633', 'Dimas Wahyu Cahya', '1', '81232363627', 17, 2, 1, 'E41180633'),
('E41180634', 'Aditya Pratama', '1', '85249691328', 17, 2, 1, 'E41180634'),
('E41180642', 'Aklil Anugerah Maulana', '1', '85232525743', 17, 2, 1, 'E41180642'),
('E41180658', 'Muhammad Jamalludin', '1', '82359386147', 17, 2, 1, 'E41180658'),
('E41180668', 'Sutiyo Baruno', '1', '85732184282', 17, 2, 1, 'E41180668'),
('E41180679', 'Mochamad Satria Maulana', '1', '85648257661', 17, 2, 1, 'E41180679'),
('E41180683', 'Roza Nuril Syamsidduha', '1', '82140446071', 17, 2, 1, 'E41180683'),
('E41180690', 'Moch.Famri Noer Priambodo', '1', '81232292416', 17, 2, 1, 'E41180690'),
('E41180695', 'Moch Zainul Ansori', '1', '89696789586', 17, 2, 1, 'E41180695'),
('E41180697', 'Achmad Wildhan Eka Prakosa', '1', '81775105588', 17, 2, 1, 'E41180697'),
('E41180699', 'Sri Wahyuni', '2', '85335468653', 17, 2, 1, 'E41180699'),
('E41180700', 'Rubiatul Al Adawiyah', '1', '82111821257', 17, 2, 1, 'E41180700'),
('E41180706', 'Gilang Rizqi Palmasugra', '1', '82228191006', 17, 2, 1, 'E41180706'),
('E41180711', 'Abdul Kholiq', '1', '85959591196', 17, 2, 1, 'E41180711'),
('E41180715', 'Moh. Rizkon Ansyori', '1', '81357395614', 17, 2, 1, 'E41180715'),
('E41180725', 'Shinta Mauliantika', '2', '82244016472', 17, 2, 1, 'E41180725'),
('E41180727', 'Awaludin Nur Muhammad', '1', '82338622573', 17, 2, 1, 'E41180727'),
('E41180738', 'Franciska Wulandari', '2', '85748903027', 17, 2, 1, 'E41180738'),
('E41180744', 'Moh. Ilham Gozali', '1', '82334583326', 17, 2, 1, 'E41180744'),
('E41180747', 'Ahmad Rafinaldi Ryan Hilmawan', '1', '81252659319', 17, 2, 1, 'E41180747'),
('E41180749', 'Muhammad Hanafi Abror', '1', '85854817899', 17, 2, 1, 'E41180749'),
('E41180773', 'Elisa Qothrun Nada', '2', '81235875874', 17, 2, 1, 'E41180773'),
('E41180788', 'Kurnia Juan Syah Maharani', '2', '81615463846', 17, 2, 1, 'E41180788'),
('E41180808', 'Eva Agustin Rahayu', '2', '82181663592', 17, 2, 1, 'E41180808'),
('E41180853', 'Deni Hidayatullah', '1', '82339667539', 17, 2, 1, 'E41180853'),
('E41180854', 'Ferrys Nai\'inin', '1', '83134920109', 17, 2, 1, 'E41180854'),
('E41180865', 'Erwin Andrianto', '1', '81248173538', 17, 2, 1, 'E41180865'),
('E41180869', 'Muhammad Khairu Raziki', '1', '82233120146', 17, 2, 1, 'E41180869'),
('E41180888', 'Shihab Alfaris Sitorus', '1', '85336474484', 17, 2, 1, 'E41180888'),
('E41180891', 'Jazilatur Romdhaniah Ar.', '1', '81345190129', 17, 2, 1, 'E41180891'),
('E41180900', 'Muhammad Riski Fadista', '1', '85130308165', 17, 2, 1, 'E41180900'),
('E41180920', 'Indyra Ayu Wijayanti', '2', '85234890068', 17, 2, 1, 'E41180920'),
('E41180947', 'Ajeng Ayu Pangesti', '2', '82336143694', 17, 2, 1, 'E41180947'),
('E41180954', 'Eilham Wahyu Pratama', '1', '8989841713', 17, 2, 1, 'E41180954'),
('E41180960', 'Kirana Yuwita E.Y', '1', '82232354230', 17, 2, 1, 'E41180960'),
('E41180962', 'M.Aldo Rizkaya', '1', '8970088802', 17, 2, 1, 'E41180962'),
('E41180965', 'Luqman Hakim', '1', '89693556052', 17, 2, 1, 'E41180965'),
('E41180991', 'Ihza Oktavira', '1', '85335718044', 17, 2, 1, 'E41180991'),
('E41181018', 'Fitria \' Aziati', '2', '81232355252', 17, 2, 1, 'E41181018'),
('E41181040', 'Achmad Iqbal Baidlowi', '1', '81332222965', 17, 2, 1, 'E41181040'),
('E41181053', 'Ketrina', '2', '0819-3159-4351', 17, 2, 1, 'E41181053'),
('E41181058', 'M. Jalaludin Abdur Rahman', '1', '81331982996', 17, 2, 1, 'E41181058'),
('E41181075', 'Muhammad Rezha Haironi', '1', '81259383492', 17, 2, 1, 'E41181075'),
('E41181102', 'Surya Wiradarma', '1', '82338554405', 17, 2, 1, 'E41181102'),
('E41181105', 'Firdaus Irwanto', '1', '81252590608', 17, 2, 1, 'E41181105'),
('E41181110', 'Aulia Rizki Pasaribu', '1', '85261581654', 17, 2, 1, 'E41181110'),
('E41181117', 'Indah Qurrothul Uyun', '1', '85816352664', 17, 2, 1, 'E41181117'),
('E41181135', 'Harisman Sihombing', '1', '82274933040', 17, 2, 1, 'E41181135'),
('E41181139', 'Dini Vega Safitri', '2', '82139538636', 17, 2, 1, 'E41181139'),
('E41181149', 'Muhammad Rifqi Firmansyah', '1', '8984050435', 17, 2, 1, 'E41181149'),
('E41181181', 'Ferdiansyah Rifqika Evanta', '1', '81333693785', 17, 2, 1, 'E41181181'),
('E41181216', 'Nur Hadi', '1', '81554973376', 17, 2, 1, 'E41181216'),
('E41181231', 'Yoga Bayuwandana', '1', '89697780834', 17, 2, 1, 'E41181231'),
('E41181232', 'Muhammad Arif Annaili Fitrawan', '1', '83852109582', 17, 2, 1, 'E41181232'),
('E41181233', 'Yosef Triadi Setiawan Santoso', '1', '88996991520', 17, 2, 1, 'E41181233'),
('E41181245', 'Nurlaita Afia Tri Wahyuni', '2', '85336096676', 17, 2, 1, 'E41181245'),
('E41181250', 'Emilia Efatul Laily', '2', '89510225377', 17, 2, 1, 'E41181250'),
('E41181251', 'Ahmad Daifullah', '1', '82338584462', 17, 2, 1, 'E41181251'),
('E41181254', 'M. Dzilqornain', '1', '81331840364', 17, 2, 1, 'E41181254'),
('E41181255', 'Dyta Shofia Amelia', '2', '81217300527', 17, 2, 1, 'E41181255'),
('E41181273', 'Ainun Nella Rodhita', '2', '81216563039', 17, 2, 1, 'E41181273'),
('E41181277', 'Bagoes Ihsan Taufiqurrahman', '1', '82331588636', 17, 2, 1, 'E41181277'),
('E41181324', 'Pravasta Genta Arjunanda Kinantaka', '1', '83122138936', 17, 2, 1, 'E41181324'),
('E41181335', 'Mohammad Ainun Ardiansyah', '1', '8978333856', 17, 2, 1, 'E41181335'),
('E41181363', 'Primasdika Yunia Putra', '1', '85155335988', 17, 2, 1, 'E41181363'),
('E41181398', 'Muhammad Wildan Aulia Kahfi', '1', '85778571990', 17, 2, 1, 'E41181398'),
('E41181407', 'Alfian Rochmatul Irman', '1', '81252223123', 17, 2, 1, 'E41181407'),
('E41181432', 'Dharma Rifky Ramadhan', '1', '82337110517', 17, 2, 1, 'E41181432'),
('E41181571', 'Rahma Nabilla Ratih', '2', '85748433157', 17, 2, 1, 'E41181571'),
('E41181630', 'Mustika Khoiri', '2', '82266186095', 17, 2, 1, 'E41181630'),
('E41181641', 'Salma Farhani', '2', '82330536016', 17, 2, 1, 'E41181641'),
('E41181645', 'Bayu Agil Prananda', '1', '85815334190', 17, 2, 1, 'E41181645'),
('E41181675', 'Myco Jihan Pascawiyata ', '1', '81235657357', 17, 2, 1, 'E41181675'),
('E41181683', 'Fahrul Irsyad Fianto', '1', '82143138419', 17, 2, 1, 'E41181683'),
('E41181716', 'Ummalatul Kamilah', '2', ' 0 896-0232-835', 17, 2, 1, 'E41181716'),
('E41181728', 'Widya Wahyu Pramesti', '2', '85806909500', 17, 2, 1, 'E41181728'),
('E41181766', 'Rendy Wisnu Rahardjo', '1', '82257845010', 17, 2, 1, 'E41181766'),
('E41181807', 'Dinda Ayu Nafisyah', '2', '82131542307', 17, 2, 1, 'E41181807'),
('E41181847', 'Hafiz Aldion Ajimasmoko', '1', '81230600040', 17, 2, 1, 'E41181847'),
('E41181886', 'Teddy Hariyanto Premadi Prakoso', '1', '81259792383', 17, 2, 1, 'E41181886'),
('E41181930', 'Muhammad Rofiq Hidayatullah', '1', '82332576768', 17, 2, 1, 'E41181930'),
('E41181957', 'Dodhy Kurnia Rahmantyo', '1', '81230219922', 17, 2, 1, 'E41181957'),
('E41182004', 'Rachmad Hafidz Adhiwiyoto', '1', '81333366757', 17, 2, 1, 'E41182004'),
('E41182006', 'Arini Firdausiyah', '2', '81335373470', 17, 2, 1, 'E41182006'),
('E41182007', 'Adi Irawan', '1', '85749326981', 17, 2, 1, 'E41182007'),
('E41182107', 'Nevin Trian Ade Putera', '1', '82234706515', 17, 2, 1, 'E41182107'),
('E41182115', 'Ifar Fatwa Mahendra', '1', '85648091272', 17, 2, 1, 'E41182115'),
('E41182117', 'I Gede Sute Wiratjana', '1', '85256998845', 17, 2, 1, 'E41182117'),
('E41182119', 'Fahrizal Putra Septian', '1', '8,81E+11', 17, 2, 1, 'E41182119'),
('E41182123', 'Chikita Putri Meidinasari', '2', '87819645283', 17, 2, 1, 'E41182123'),
('E41182124', 'M. Aifin Daniyanto', '1', '82232402099', 17, 2, 1, 'E41182124'),
('E41182130', 'Ramma Eka Putera', '1', '81230960020', 17, 2, 1, 'E41182130'),
('E41182145', 'Muhammad Marsa Kamal Setiawan', '1', '8989614190', 17, 2, 1, 'E41182145'),
('E41182165', 'Hafil Aji Binafsihi', '1', '81239642880', 17, 2, 1, 'E41182165'),
('E41182177', 'Agung Gunawan', '1', '87712632010', 17, 2, 1, 'E41182177'),
('E41182186', 'Fadhil Adiyatma Luckyta', '1', '82233626508', 17, 2, 1, 'E41182186'),
('E41182193', 'Brian Vidyanjaya', '1', '81336732252', 17, 2, 1, 'E41182193'),
('E41182197', 'Reza Dwi Prasetyo', '1', '8121643773', 17, 2, 1, 'E41182197'),
('E41182207', 'Airlangga Bayu Satriawan', '1', '81232775738', 17, 2, 1, 'E41182207'),
('E41182211', 'Restu Dian Gunadi', '1', '82234882748', 17, 2, 1, 'E41182211'),
('E41182219', 'Fadhila Dwi Kurniawan', '1', '81357847835', 17, 2, 1, 'E41182219'),
('E41182229', 'Trio Mahendra', '1', '81217965154', 17, 2, 1, 'E41182229'),
('E41182248', 'Abdur Razak Sebastian', '1', '81321829642', 17, 2, 1, 'E41182248'),
('E41182272', 'Bayu Jaya Ilham Alhamda', '1', '87743012828', 17, 2, 1, 'E41182272'),
('E41182273', 'Aan Nur Shofii', '1', '82140289114', 17, 2, 1, 'E41182273'),
('E41182274', 'Mohammad Rizki Yanuarianto', '1', '8887137924', 17, 2, 1, 'E41182274'),
('E41190125', 'Anggun Wasilina Mutrifani', '2', '82361964645', 17, 3, 1, 'E41190125'),
('E41190139', 'Liga Bayu Herdianto', '1', '85646823754', 17, 3, 1, 'E41190139'),
('E41190158', 'Naufal Ferio Erdhiansyah', '1', '8,95E+11', 17, 3, 1, 'E41190158'),
('E41190160', 'Mita Wafa Wulandari', '2', '088990816404/08', 17, 3, 1, 'E41190160'),
('E41190179', 'Randy Rahmawan', '1', '85236315981', 17, 3, 1, 'E41190179'),
('E41190200', 'Nanda Raditiya Akbar', '1', '82230071932', 17, 3, 1, 'E41190200'),
('E41190236', 'Dimas Heru Perdana Putra', '1', '82272045480', 17, 3, 1, 'E41190236'),
('E41190239', 'Mohammad Hidayatullah', '1', '82301878744', 17, 3, 1, 'E41190239'),
('E41190280', 'Wahyu Dian Pratiwi ', '2', '8,95E+11', 17, 3, 1, 'E41190280'),
('E41190298', 'Raihan Dimas Arifin', '1', '81211500075', 17, 3, 1, 'E41190298'),
('E41190305', 'Firman Wahyudi', '1', '85231481241', 17, 3, 1, 'E41190305'),
('E41190318', 'Maulana Alirridlo', '1', '85856446092', 17, 3, 1, 'E41190318'),
('E41190322', 'Kana Farira Salsabila', '2', '85854001418', 17, 3, 1, 'E41190322'),
('E41190376', 'Wanda Nailan Mafazah', '2', '82232603181', 17, 3, 1, 'E41190376'),
('E41190436', 'Dova Auria Wandasari', '2', '89696689141', 17, 3, 1, 'E41190436'),
('E41190441', 'Sinta Nuriyah Wulandari', '2', '85235138387', 17, 3, 1, 'E41190441'),
('E41190482', 'Devi Dwi Indra Lestari', '2', '85337362124', 17, 3, 1, 'E41190482'),
('E41190493', 'Viga Ensas Fii Sabilillah', '1', '82325606808', 17, 3, 1, 'E41190493'),
('E41190503', 'Dian Buana Putra', '1', '82234290835', 17, 3, 1, 'E41190503'),
('E41190510', 'Syaugi Salim Amar', '1', '85108707590', 17, 3, 1, 'E41190510'),
('E41190517', 'Panjalu Widya Sastria', '2', '85204980926', 17, 3, 1, 'E41190517'),
('E41190526', 'Freska Meliniar Alfian', '1', '81234416441', 17, 3, 1, 'E41190526'),
('E41190528', 'Iqbal Ikhlasul Amal', '1', '82229741767', 17, 3, 1, 'E41190528'),
('E41190530', 'Alif Irhasshoufi Nasihul Umam', '1', '85257725787', 17, 3, 1, 'E41190530'),
('E41190532', 'Moh.Syaifudin', '1', '89676174709', 17, 3, 1, 'E41190532'),
('E41190547', 'Muhammad Fadhil Nurhuda', '1', '85815199475', 17, 3, 1, 'E41190547'),
('E41190550', 'Naufal Farros', '1', '82235236662', 17, 3, 1, 'E41190550'),
('E41190609', 'Muhammad Hilmy Iqbal', '1', '82257178177', 17, 3, 1, 'E41190609'),
('E41190614', 'Dillah Amalia Fiqyani', '2', '85785746166', 17, 3, 1, 'E41190614'),
('E41190635', 'Muhammad Dhaffa Mahendra', '1', '81231810975', 17, 3, 1, 'E41190635'),
('E41190645', 'Henry Murdiful Ulya Hilma Putra ', '1', '81336081971', 17, 3, 1, 'E41190645'),
('E41190668', 'Priska Arlinda Sabillah', '2', '89673009740', 17, 3, 1, 'E41190668'),
('E41190681', 'Jessica Erlian Savira', '2', '81554006332', 17, 3, 1, 'E41190681'),
('E41190683', 'Aldin Dandy Alkautsar', '1', '87806424330', 17, 3, 1, 'E41190683'),
('E41190687', 'Alan Surya Aditya', '1', '81335626287', 17, 3, 1, 'E41190687'),
('E41190716', 'Wimar Gian Utomo', '1', '85745507423', 17, 3, 1, 'E41190716'),
('E41190733', 'Muhammad Dimas Ramadhan', '1', '8,95E+11', 17, 3, 1, 'E41190733'),
('E41190739', 'Resa Wahyu Saputra', '1', '81804958474', 17, 3, 1, 'E41190739'),
('E41190755', 'Dwi Wahyu Prambodo', '1', '8,95E+11', 17, 3, 1, 'E41190755'),
('E41190793', 'M.Ainul Yaqin', '1', '89527534278', 17, 3, 1, 'E41190793'),
('E41190835', 'Arini Eka Noviyanti', '2', '82335413676', 17, 3, 1, 'E41190835'),
('E41190877', 'Farhan Surya Aditya', '1', '82145748540', 17, 3, 1, 'E41190877'),
('E41190889', 'Muhammad Lutfi Fadilah', '1', '8563180', 17, 3, 1, 'E41190889'),
('E41190890', 'Fathor Rahman', '1', '82231515788', 17, 3, 1, 'E41190890'),
('E41190892', 'Athfal Kamali', '1', '8980502371', 17, 3, 1, 'E41190892'),
('E41190897', 'Adi Wijaya', '1', '85847484353', 17, 3, 1, 'E41190897'),
('E41190902', 'Irfan Murtadha', '1', '82299651755', 17, 3, 1, 'E41190902'),
('E41190904', 'Fajriansyah Decky Setiawan', '1', '85335165316', 17, 3, 1, 'E41190904'),
('E41190925', 'Anju Alicia Johan', '1', '8123230124', 17, 3, 1, 'E41190925'),
('E41190934', 'Hayung Dewanto', '1', '85232038637', 17, 3, 1, 'E41190934'),
('E41190937', 'Moh. Iskandar Zulkarnain', '1', '8814024181', 17, 3, 1, 'E41190937'),
('E41190956', 'Suroto Edy Nur', '1', '83111634527', 17, 3, 1, 'E41190956'),
('E41191039', 'Firgo Bhaktiar Hamsah', '1', '82331562744', 17, 3, 1, 'E41191039'),
('E41191074', 'Evra Mario Sirait', '1', '85362725507', 17, 3, 1, 'E41191074'),
('E41191090', 'Amalia', '2', '81548391998', 17, 3, 1, 'E41191090'),
('E41191132', 'Shovi Imany Wardiana', '2', '82337733104', 17, 3, 1, 'E41191132'),
('E41191133', 'Shenila Letishya Ramona', '1', '82146290446', 17, 3, 1, 'E41191133'),
('E41191151', 'Yulinar Nur Rahmawati', '2', '85211156867', 17, 3, 1, 'E41191151'),
('E41191157', 'Muhammad Afdal Zikri', '1', '82361642468', 17, 3, 1, 'E41191157'),
('E41191206', 'Fitroh Fathur Rohman', '1', '87864705666', 17, 3, 1, 'E41191206'),
('E41191224', 'Ferry Septian Ferdiyanto', '1', '85737471717', 17, 3, 1, 'E41191224'),
('E41191244', 'Dwi Prasetiyo Utomo', '1', '85706035384', 17, 3, 1, 'E41191244'),
('E41191322', 'Bunga Prasetya Dwi Ulul Azmi', '2', '83111693588', 17, 3, 1, 'E41191322'),
('E41191351', 'Thufeil Wartono Putra', '1', '82234232740', 17, 3, 1, 'E41191351'),
('E41191382', 'Muhammad Nuzul Ridoi', '1', '81918137013', 17, 3, 1, 'E41191382'),
('E41191387', 'Irchamzah Fikri Ababil', '1', '83134752738', 17, 3, 1, 'E41191387'),
('E41191405', 'Achmad Aji Wicaksono', '1', '87761672394', 17, 3, 1, 'E41191405'),
('E41191422', 'Alvin Eko Cahyo Febrianto', '1', '81525734924', 17, 3, 1, 'E41191422'),
('E41191445', 'Naufal Mahdi Rahman Ubaid', '1', '81217938987', 17, 3, 1, 'E41191445'),
('E41191450', 'Muhammad Rahadian Nugraha', '1', '83835742425', 17, 3, 1, 'E41191450'),
('E41191453', 'Danang Ardianto', '1', '82146269613', 17, 3, 1, 'E41191453'),
('E41191458', 'Hanif Satrio Rimamtomo', '1', '89698672710', 17, 3, 1, 'E41191458'),
('E41191524', 'Ulfiatun Hasanah', '1', '85749253627', 17, 3, 1, 'E41191524'),
('E41191553', 'Dicky Kurnia Ramadhan', '1', '85156186156', 17, 3, 1, 'E41191553'),
('E41191555', 'Moch. Shaladin Rangga Setyo', '1', '82112142958', 17, 3, 1, 'E41191555'),
('E41191556', 'Mochammad Ricky Apriliandy', '1', '85288835852', 17, 3, 1, 'E41191556'),
('E41191558', 'Akhmad Nur Hidayatulloh', '1', '85784197425', 17, 3, 1, 'E41191558'),
('E41191560', 'Anggito Suryo Baskoro', '1', '85233039160', 17, 3, 1, 'E41191560'),
('E41191593', 'M. Geofany Hermawan', '1', '83847175446', 17, 3, 1, 'E41191593'),
('E41191622', 'Agnes Octavianda Zavira', '2', '81313031203', 17, 3, 1, 'E41191622'),
('E41191628', 'Dimas Pangestu', '1', '85336535128', 17, 3, 1, 'E41191628'),
('E41191637', 'M.Shobri Arifin', '1', '85725725244', 17, 3, 1, 'E41191637'),
('E41191649', 'Atala Ilyasa Pratama', '1', '85523896527', 17, 3, 1, 'E41191649'),
('E41191681', 'Muhammad Nasrul', '1', '82323811214', 17, 3, 1, 'E41191681'),
('E41191683', 'Aulia Novrin Harleyanto', '1', '82132665110', 17, 3, 1, 'E41191683'),
('E41191741', 'Ezra Alannathaniel', '1', '85103064223', 17, 3, 1, 'E41191741'),
('E41191784', 'Naufal Akbar Kardieno Yasamita', '1', '81231699076', 17, 3, 1, 'E41191784'),
('E41191795', 'Satsa Ratri Hastutik', '2', '81339011430', 17, 3, 1, 'E41191795'),
('E41191832', 'Alfian Septy Chandra', '1', '82334223961', 17, 3, 1, 'E41191832'),
('E41191862', 'Devandra Lukito Wibisono', '1', '81390566422', 17, 3, 1, 'E41191862'),
('E41191868', 'Nur Muhammad Syahbana R', '1', '8,95E+11', 17, 3, 1, 'E41191868'),
('E41191897', 'Muhammad Wildan Hakim', '1', '85648627461', 17, 3, 1, 'E41191897'),
('E41191902', 'Faiz Iqbal Darmawan', '1', '82131060022', 17, 3, 1, 'E41191902'),
('E41191903', 'Nadea Ajeng Safitri', '2', '81584193551', 17, 3, 1, 'E41191903'),
('E41191908', 'Syaikhu Rizal', '1', '81230856890', 17, 3, 1, 'E41191908'),
('E41191929', 'Anton Setyo Prihartanto', '1', '81230487692', 17, 3, 1, 'E41191929'),
('E41191930', 'Risma Yulia Anggraini', '2', '81339328056', 17, 3, 1, 'E41191930'),
('E41191965', 'Figo Fajar Yulianto', '1', '82139862133', 17, 3, 1, 'E41191965'),
('E41191971', 'Muchammad Devan Ferdiansyah', '1', '87771766519', 17, 3, 1, 'E41191971'),
('E41191975', 'Daro Qutni Alfarisi', '1', '89667790285', 17, 3, 1, 'E41191975'),
('E41192003', 'Aditya Tamal Pamungkas', '1', '81336359625', 17, 3, 1, 'E41192003'),
('E41192044', 'Abadan Wahyu Firmansyah', '1', '81336174358', 17, 3, 1, 'E41192044'),
('E41192114', 'Moh. Ardias Ade Aga', '1', '81331475551', 17, 3, 1, 'E41192114'),
('E41192131', 'Febri Putra Tris Budiono', '1', '82131916101', 17, 3, 1, 'E41192131'),
('E41192160', 'Sofyan Arif Af Rizal', '1', '82223333441', 17, 3, 1, 'E41192160'),
('E41192178', 'Putra Prassiesa Abimanyu', '1', '85322429459', 17, 3, 1, 'E41192178'),
('E41192208', 'Dimas Cahya Ramadhan', '1', '81211686202', 17, 3, 1, 'E41192208'),
('E41192216', 'Dwi Nurannisa Rahayuningtias', '2', '82233066740', 17, 3, 1, 'E41192216'),
('E41192241', 'Rajih Kharissuha', '1', '82339584778', 17, 3, 1, 'E41192241'),
('E41192271', 'Al Fahrelia Wava Agustin', '2', '82143259297', 17, 3, 1, 'E41192271'),
('E41192283', 'Arif Kurniawan', '1', '81775033556', 17, 3, 1, 'E41192283'),
('E41192290', 'Annaufal Risvanda Firdaus', '1', '89602605606', 17, 3, 1, 'E41192290'),
('E41192306', 'Rifqi Rosyid Erdiansyah', '1', '8,95E+11', 17, 3, 1, 'E41192306'),
('E41192307', 'Rifky Roudana Imani Cahya ', '1', '82244993544', 17, 3, 1, 'E41192307'),
('E41192329', 'Alga Saputra', '1', '82235301951', 17, 3, 1, 'E41192329'),
('E41192330', 'Ilmi Azmi Iradiyah', '2', '85101212259', 17, 3, 1, 'E41192330'),
('E41192340', 'Bagus Bachtiar Rizki', '1', '87832495928', 17, 3, 1, 'E41192340'),
('E41192426', 'Muhammad Syarif Januriansyah', '1', '89525409020', 17, 3, 1, 'E41192426'),
('E41192428', 'Muhammad Riadi Prasetiyo', '1', '81249487845', 17, 3, 1, 'E41192428'),
('E41192433', 'Mita Unziyah Fajrina', '2', '82223058576', 17, 3, 1, 'E41192433'),
('E41192474', 'Nindya Dwi Silvia Juiyantika', '2', '83852898292', 17, 3, 1, 'E41192474'),
('E41192478', 'Indra Prasetya', '1', '81357672112', 17, 3, 1, 'E41192478');

-- --------------------------------------------------------

--
-- Struktur dari tabel `tm_pegawai`
--

CREATE TABLE `tm_pegawai` (
  `NIP` varchar(15) NOT NULL,
  `nama_pegawai` varchar(50) NOT NULL,
  `gelar_depan` varchar(5) DEFAULT NULL,
  `gelar_belakang` varchar(20) DEFAULT NULL,
  `id_level` tinyint(4) NOT NULL,
  `id_prodi` tinyint(4) NOT NULL,
  `password` varchar(255) NOT NULL
) ENGINE=InnoDB DEFAULT CHARSET=latin1;

--
-- Dumping data untuk tabel `tm_pegawai`
--

INSERT INTO `tm_pegawai` (`NIP`, `nama_pegawai`, `gelar_depan`, `gelar_belakang`, `id_level`, `id_prodi`, `password`) VALUES
('196702201994032', 'Endang Wahyu Wahyani', '', '', 3, 16, '5707'),
('197008311998031', 'Moh.Munih Dian W', '', '', 6, 17, '3836'),
('197009292003121', 'Yogiswara', '', '', 4, 16, '4748'),
('197011282003121', 'Hariyono Rakhmad', '', '', 6, 16, '4750'),
('197104082001121', 'Wahyu Kurnia Dewanto', '', '', 4, 15, '6080'),
('197110092003121', 'Denny Trias Utomo', '', '', 6, 17, '4751'),
('197111151998021', 'Adi Heru Utomo', '', '', 6, 17, '6143'),
('197306172018051', 'Ely Mulyadi', '', '', 6, 15, '1419'),
('197308312008011', 'Agus Purwadi', '', '', 6, 16, '1324'),
('197405192003121', 'Nugroho Setyo Wibowo', '', '', 6, 17, '5909'),
('197709292005011', 'Didit Rahmat Hartadi', '', '', 6, 15, '7754'),
('197808162005011', 'Beni Widiawan', '', '', 6, 16, '7867'),
('197808172003121', 'Agus Hariyanto', '', '', 6, 16, '7052'),
('197808192005022', 'Ika Widiastuti', '', '', 4, 15, '7866'),
('197809082005011', 'Denny Wijanarko', '', '', 6, 16, '7753'),
('197810112005012', 'Elly Antika', '', '', 6, 17, '7755'),
('197907032003121', 'Surateno', '', '', 4, 16, '4745'),
('197909212005011', 'I Putu Dody Lesmana', '', '', 6, 17, '7752'),
('197911072002122', 'Novi Tri Kurniawati', '', '', 3, 15, '1461'),
('198005172008121', 'Dwi Putro Sarwo S', '', '', 6, 15, '1219'),
('198007172014092', 'Indriana Rahmawati', '', '', 3, 17, '2004'),
('198012122005011', 'Prawidya Destarianto', '', '', 6, 17, '7756'),
('198101152005011', 'Nurul Zainal Fanani', '', '', 6, 16, '7868'),
('198106152006041', 'Syamsul Arifin', '', '', 4, 15, '3716'),
('198301092018031', 'Hermawan Arief Putranto', '', '', 6, 15, '1084'),
('198302032006041', 'Hendra Yufit Riskiawan', '', '', 4, 15, '9427'),
('198406252015041', 'Bekti Maryuni Susanto', '', '', 6, 16, '1185'),
('198510312018031', 'Victor Phoa', '', '', 6, 16, '1387'),
('198511282008121', 'Aji Seto Arifianto', '', '', 6, 16, '1213'),
('198603192019031', 'Fendik Eko Purnomo', '', '', 6, 16, '1142'),
('198606092008122', 'Nanik Anita Mukhlisoh', '', '', 6, 15, '1218'),
('198608022015042', 'Ratih Ayuninghemi', '', '', 6, 17, '1154'),
('198801172019031', 'I Gede Wiryawan', '', '', 6, 17, '1480'),
('198807022019031', 'Husin', '', '', 6, 15, '1276'),
('198903292019031', 'Taufiq Rizaldi', '', '', 2, 15, '1198'),
('198907102019031', 'Ery Setiyawan Jullev Atmadji', '', '', 4, 17, '1224'),
('199002272018032', 'Trismayanti Dwi P', '', '', 6, 17, '1197'),
('199103152019031', 'Syamsiar Kautsar', '', '', 2, 16, '1302'),
('199104292019031', 'Faisal Lutfi Afriansyah', '', '', 6, 15, '1350'),
('199112112018031', 'Khafidurrohman Agustiano', '', '', 6, 17, '1274'),
('199203022018032', 'Zilvanhisna Emka Fitri', '', '', 2, 17, '1363'),
('199205282018032', 'Bety Etikasar', '', '', 6, 17, '1275'),
('199408122019031', 'Mukhamad Angga Gumilang', '', '', 6, 17, '1481');

-- --------------------------------------------------------

--
-- Struktur dari tabel `tm_prodi`
--

CREATE TABLE `tm_prodi` (
  `id_prodi` tinyint(3) NOT NULL,
  `nama_prodi` varchar(50) NOT NULL,
  `jenjang` varchar(6) NOT NULL,
  `id_jurusan` tinyint(2) NOT NULL
) ENGINE=InnoDB DEFAULT CHARSET=latin1;

--
-- Dumping data untuk tabel `tm_prodi`
--

INSERT INTO `tm_prodi` (`id_prodi`, `nama_prodi`, `jenjang`, `id_jurusan`) VALUES
(1, 'Produksi Tanaman Perkebunan', 'D-III', 1),
(2, 'Produksi Tanaman Holtikultura', 'D-III', 1),
(3, 'Teknik Produksi Benih', 'D-IV', 1),
(4, 'Teknik Produksi Tanaman Pangan', 'D-IV', 1),
(5, 'Budidaya Tanaman Perkebunan', 'D-IV', 1),
(6, 'Pengelola Perkebunan Kopi', 'D-IV', 1),
(7, 'Keteknikan Pertanian', 'D-III', 2),
(8, 'Teknologi Industri Pangan', 'D-III', 2),
(9, 'Teknologi Rekayasa Pangan', 'D-IV', 2),
(10, 'Produksi Ternak', 'D-III', 3),
(11, 'Manajemen Bisnis Unggas', 'D-IV', 3),
(12, 'Manajemen Agribisnis', 'D-III', 4),
(13, 'Manajemen Agroindustri', 'D-IV', 4),
(14, 'Akutansi Sektor Publik', 'D-IV', 4),
(15, 'Manajemen Informatika', 'D-III', 5),
(16, 'Teknik Komputer', 'D-III', 5),
(17, 'Teknik Informatika', 'D-IV', 5),
(18, 'Bahasa Inggris', 'D-III', 6),
(19, 'Rekam Medik', 'D-IV', 7),
(20, 'Gizi Klinik', 'D-IV', 7),
(21, 'Teknik Energi Terbarukan', 'D-IV', 8),
(22, 'Mesin Otomotif', 'D-IV', 8),
(23, 'Teknologi Rekayasa Mekatronika', 'D-IV', 8);

-- --------------------------------------------------------

--
-- Struktur dari tabel `tm_provinsi`
--

CREATE TABLE `tm_provinsi` (
  `id_provinsi` tinyint(4) NOT NULL,
  `nama_provinsi` varchar(30) NOT NULL
) ENGINE=InnoDB DEFAULT CHARSET=latin1;

--
-- Dumping data untuk tabel `tm_provinsi`
--

INSERT INTO `tm_provinsi` (`id_provinsi`, `nama_provinsi`) VALUES
(1, 'Bali'),
(2, 'Bangka Belitung'),
(3, 'Banten'),
(4, 'Bengkulu'),
(5, 'DI Yogyakarta'),
(6, 'DKI Jakarta'),
(7, 'Gorontalo'),
(8, 'Jambi'),
(9, 'Jawa Barat'),
(10, 'Jawa Tengah'),
(11, 'Jawa Timur'),
(12, 'Kalimantan Barat'),
(13, 'Kalimantan Selatan'),
(14, 'Kalimantan Tengah'),
(15, 'Kalimantan Timur'),
(16, 'Kalimantan Utara'),
(17, 'Kepulauan Riau'),
(18, 'Lampung'),
(19, 'Maluku'),
(20, 'Maluku Utara'),
(21, 'Nanggroe Aceh Darussalam'),
(22, 'Nusa Tenggara Barat'),
(23, 'Nusa Tenggara Timur'),
(24, 'Papua'),
(25, 'Papua Barat'),
(26, 'Riau'),
(27, 'Sulawesi Barat'),
(28, 'Sulawesi Selatan'),
(29, 'Sulawesi Tengah'),
(30, 'Sulawesi Tenggara'),
(31, 'Sulawesi Utara'),
(32, 'Sumatera Barat'),
(33, 'Sumatera Selatan'),
(34, 'Sumatera Utara');

-- --------------------------------------------------------

--
-- Struktur dari tabel `tm_tahun`
--

CREATE TABLE `tm_tahun` (
  `id_tahun` tinyint(4) NOT NULL,
  `tahun` varchar(4) NOT NULL
) ENGINE=InnoDB DEFAULT CHARSET=latin1;

--
-- Dumping data untuk tabel `tm_tahun`
--

INSERT INTO `tm_tahun` (`id_tahun`, `tahun`) VALUES
(1, '2020'),
(2, '2021'),
(3, '2022'),
(4, '2023'),
(5, '2024'),
(6, '2025'),
(7, '2026'),
(8, '2027'),
(9, '2028'),
(10, '2029'),
(11, '2030');

-- --------------------------------------------------------

--
-- Struktur dari tabel `ts_lokasi`
--

CREATE TABLE `ts_lokasi` (
  `id_lok_usul` int(11) NOT NULL,
  `nama_lok` varchar(50) NOT NULL,
  `alamat` varchar(255) NOT NULL,
  `telp` varchar(25) NOT NULL,
  `id_kota` int(11) NOT NULL,
  `kode_pos` varchar(6) NOT NULL,
  `longitude` text NOT NULL,
  `latitude` text NOT NULL,
  `NIM_k` varchar(10) NOT NULL,
  `status` enum('1','2','3','') NOT NULL
) ENGINE=InnoDB DEFAULT CHARSET=latin1;

--
-- Dumping data untuk tabel `ts_lokasi`
--

INSERT INTO `ts_lokasi` (`id_lok_usul`, `nama_lok`, `alamat`, `telp`, `id_kota`, `kode_pos`, `longitude`, `latitude`, `NIM_k`, `status`) VALUES
(3, 'Jakarta', 'jakarta', '123', 1, '123', '123', '123', 'E31170364', '1');

--
-- Indexes for dumped tables
--

--
-- Indexes for table `tmst_kelompok`
--
ALTER TABLE `tmst_kelompok`
  ADD PRIMARY KEY (`id_kelompok`),
  ADD KEY `NIM_k` (`NIM_k`),
  ADD KEY `NIM_a1` (`NIM_a1`),
  ADD KEY `NIM_a2` (`NIM_a2`),
  ADD KEY `NIM_a3` (`NIM_a3`),
  ADD KEY `NIM_a4` (`NIM_a4`),
  ADD KEY `id_usulan` (`id_usulan`);

--
-- Indexes for table `tmst_ttd`
--
ALTER TABLE `tmst_ttd`
  ADD PRIMARY KEY (`id`),
  ADD KEY `id_prodi` (`id_prodi`),
  ADD KEY `ka_jur` (`ka_jur`),
  ADD KEY `ka_prodi` (`ka_prodi`),
  ADD KEY `korbid_pkl` (`korbid_pkl`);

--
-- Indexes for table `tmst_usulan`
--
ALTER TABLE `tmst_usulan`
  ADD PRIMARY KEY (`id_usulan`),
  ADD KEY `id_lokasi` (`id_lokasi`),
  ADD KEY `id_tahun` (`id_tahun`),
  ADD KEY `NIM_k` (`NIM_k`);

--
-- Indexes for table `tm_angkatan`
--
ALTER TABLE `tm_angkatan`
  ADD PRIMARY KEY (`id_angkatan`);

--
-- Indexes for table `tm_jurusan`
--
ALTER TABLE `tm_jurusan`
  ADD PRIMARY KEY (`id_jurusan`);

--
-- Indexes for table `tm_kota`
--
ALTER TABLE `tm_kota`
  ADD PRIMARY KEY (`id_kota`),
  ADD KEY `id_provinsi` (`id_provinsi`);

--
-- Indexes for table `tm_level`
--
ALTER TABLE `tm_level`
  ADD PRIMARY KEY (`id_level`);

--
-- Indexes for table `tm_lokasi`
--
ALTER TABLE `tm_lokasi`
  ADD PRIMARY KEY (`id_lokasi`),
  ADD KEY `id_kota` (`id_kota`);

--
-- Indexes for table `tm_mahasiswa`
--
ALTER TABLE `tm_mahasiswa`
  ADD PRIMARY KEY (`NIM`),
  ADD KEY `id_angkatan` (`id_angkatan`),
  ADD KEY `id_prodi` (`id_prodi`);

--
-- Indexes for table `tm_pegawai`
--
ALTER TABLE `tm_pegawai`
  ADD PRIMARY KEY (`NIP`),
  ADD KEY `id_prodi` (`id_prodi`),
  ADD KEY `id_level` (`id_level`);

--
-- Indexes for table `tm_prodi`
--
ALTER TABLE `tm_prodi`
  ADD PRIMARY KEY (`id_prodi`),
  ADD KEY `id_jurusan` (`id_jurusan`);

--
-- Indexes for table `tm_provinsi`
--
ALTER TABLE `tm_provinsi`
  ADD PRIMARY KEY (`id_provinsi`);

--
-- Indexes for table `tm_tahun`
--
ALTER TABLE `tm_tahun`
  ADD PRIMARY KEY (`id_tahun`);

--
-- Indexes for table `ts_lokasi`
--
ALTER TABLE `ts_lokasi`
  ADD PRIMARY KEY (`id_lok_usul`),
  ADD KEY `id_kota` (`id_kota`);

--
-- AUTO_INCREMENT for dumped tables
--

--
-- AUTO_INCREMENT for table `tmst_ttd`
--
ALTER TABLE `tmst_ttd`
  MODIFY `id` tinyint(4) NOT NULL AUTO_INCREMENT;

--
-- AUTO_INCREMENT for table `tm_angkatan`
--
ALTER TABLE `tm_angkatan`
  MODIFY `id_angkatan` tinyint(4) NOT NULL AUTO_INCREMENT, AUTO_INCREMENT=11;

--
-- AUTO_INCREMENT for table `tm_jurusan`
--
ALTER TABLE `tm_jurusan`
  MODIFY `id_jurusan` tinyint(2) NOT NULL AUTO_INCREMENT, AUTO_INCREMENT=9;

--
-- AUTO_INCREMENT for table `tm_kota`
--
ALTER TABLE `tm_kota`
  MODIFY `id_kota` int(11) NOT NULL AUTO_INCREMENT, AUTO_INCREMENT=516;

--
-- AUTO_INCREMENT for table `tm_level`
--
ALTER TABLE `tm_level`
  MODIFY `id_level` tinyint(4) NOT NULL AUTO_INCREMENT, AUTO_INCREMENT=7;

--
-- AUTO_INCREMENT for table `tm_lokasi`
--
ALTER TABLE `tm_lokasi`
  MODIFY `id_lokasi` int(11) NOT NULL AUTO_INCREMENT, AUTO_INCREMENT=4;

--
-- AUTO_INCREMENT for table `tm_prodi`
--
ALTER TABLE `tm_prodi`
  MODIFY `id_prodi` tinyint(3) NOT NULL AUTO_INCREMENT, AUTO_INCREMENT=24;

--
-- AUTO_INCREMENT for table `tm_provinsi`
--
ALTER TABLE `tm_provinsi`
  MODIFY `id_provinsi` tinyint(4) NOT NULL AUTO_INCREMENT, AUTO_INCREMENT=35;

--
-- AUTO_INCREMENT for table `tm_tahun`
--
ALTER TABLE `tm_tahun`
  MODIFY `id_tahun` tinyint(4) NOT NULL AUTO_INCREMENT, AUTO_INCREMENT=12;

--
-- AUTO_INCREMENT for table `ts_lokasi`
--
ALTER TABLE `ts_lokasi`
  MODIFY `id_lok_usul` int(11) NOT NULL AUTO_INCREMENT, AUTO_INCREMENT=4;

--
-- Ketidakleluasaan untuk tabel pelimpahan (Dumped Tables)
--

--
-- Ketidakleluasaan untuk tabel `tmst_kelompok`
--
ALTER TABLE `tmst_kelompok`
  ADD CONSTRAINT `tmst_kelompok_ibfk_1` FOREIGN KEY (`NIM_k`) REFERENCES `tm_mahasiswa` (`NIM`),
  ADD CONSTRAINT `tmst_kelompok_ibfk_2` FOREIGN KEY (`NIM_a1`) REFERENCES `tm_mahasiswa` (`NIM`),
  ADD CONSTRAINT `tmst_kelompok_ibfk_3` FOREIGN KEY (`NIM_a2`) REFERENCES `tm_mahasiswa` (`NIM`),
  ADD CONSTRAINT `tmst_kelompok_ibfk_4` FOREIGN KEY (`NIM_a3`) REFERENCES `tm_mahasiswa` (`NIM`),
  ADD CONSTRAINT `tmst_kelompok_ibfk_5` FOREIGN KEY (`NIM_a4`) REFERENCES `tm_mahasiswa` (`NIM`),
  ADD CONSTRAINT `tmst_kelompok_ibfk_6` FOREIGN KEY (`id_usulan`) REFERENCES `tmst_usulan` (`id_usulan`);

--
-- Ketidakleluasaan untuk tabel `tmst_ttd`
--
ALTER TABLE `tmst_ttd`
  ADD CONSTRAINT `tmst_ttd_ibfk_2` FOREIGN KEY (`ka_jur`) REFERENCES `tm_pegawai` (`NIP`),
  ADD CONSTRAINT `tmst_ttd_ibfk_3` FOREIGN KEY (`ka_prodi`) REFERENCES `tm_pegawai` (`NIP`),
  ADD CONSTRAINT `tmst_ttd_ibfk_4` FOREIGN KEY (`korbid_pkl`) REFERENCES `tm_pegawai` (`NIP`),
  ADD CONSTRAINT `tmst_ttd_ibfk_5` FOREIGN KEY (`id_prodi`) REFERENCES `tm_prodi` (`id_prodi`);

--
-- Ketidakleluasaan untuk tabel `tmst_usulan`
--
ALTER TABLE `tmst_usulan`
  ADD CONSTRAINT `tmst_usulan_ibfk_1` FOREIGN KEY (`id_tahun`) REFERENCES `tm_tahun` (`id_tahun`),
  ADD CONSTRAINT `tmst_usulan_ibfk_2` FOREIGN KEY (`id_lokasi`) REFERENCES `tm_lokasi` (`id_lokasi`);

--
-- Ketidakleluasaan untuk tabel `tm_kota`
--
ALTER TABLE `tm_kota`
  ADD CONSTRAINT `tm_kota_ibfk_1` FOREIGN KEY (`id_provinsi`) REFERENCES `tm_provinsi` (`id_provinsi`);

--
-- Ketidakleluasaan untuk tabel `tm_lokasi`
--
ALTER TABLE `tm_lokasi`
  ADD CONSTRAINT `tm_lokasi_ibfk_1` FOREIGN KEY (`id_kota`) REFERENCES `tm_kota` (`id_kota`);

--
-- Ketidakleluasaan untuk tabel `tm_mahasiswa`
--
ALTER TABLE `tm_mahasiswa`
  ADD CONSTRAINT `tm_mahasiswa_ibfk_1` FOREIGN KEY (`id_angkatan`) REFERENCES `tm_angkatan` (`id_angkatan`),
  ADD CONSTRAINT `tm_mahasiswa_ibfk_2` FOREIGN KEY (`id_prodi`) REFERENCES `tm_prodi` (`id_prodi`);

--
-- Ketidakleluasaan untuk tabel `tm_pegawai`
--
ALTER TABLE `tm_pegawai`
  ADD CONSTRAINT `tm_pegawai_ibfk_1` FOREIGN KEY (`id_level`) REFERENCES `tm_level` (`id_level`),
  ADD CONSTRAINT `tm_pegawai_ibfk_2` FOREIGN KEY (`id_prodi`) REFERENCES `tm_prodi` (`id_prodi`);

--
-- Ketidakleluasaan untuk tabel `tm_prodi`
--
ALTER TABLE `tm_prodi`
  ADD CONSTRAINT `tm_prodi_ibfk_1` FOREIGN KEY (`id_jurusan`) REFERENCES `tm_jurusan` (`id_jurusan`);

--
-- Ketidakleluasaan untuk tabel `ts_lokasi`
--
ALTER TABLE `ts_lokasi`
  ADD CONSTRAINT `ts_lokasi_ibfk_1` FOREIGN KEY (`id_kota`) REFERENCES `tm_kota` (`id_kota`);
COMMIT;

/*!40101 SET CHARACTER_SET_CLIENT=@OLD_CHARACTER_SET_CLIENT */;
/*!40101 SET CHARACTER_SET_RESULTS=@OLD_CHARACTER_SET_RESULTS */;
/*!40101 SET COLLATION_CONNECTION=@OLD_COLLATION_CONNECTION */;
